title,url,domain,category,added_date,favicon
ChatGPT Usage Survey - Google Forms,https://docs.google.com/forms/d/1ReUclXHg5z9_-LmwyQVPIgHthvDssrdskneOLfDZ2yg/edit#responses,docs.google.com,work-productivity,2025-08-11T16:56:50,"data:image/png;base64,iVBORw0KGgoAAAANSUhEUgAAABAAAAAQCAYAAAAf8/9hAAAAXUlEQVR4nOzTIQ7AIAwF0N+lp2Jik7vJONJuwsQEZucqKQKFKiQgeKZNmv6kouxdiAIcsBBENi8rwslo1Dfg+a9c/f6Wvkbn1QALul0QNFgnTHfCkIBNXxJGRPgSAAAA//+mEp9cAAAABklEQVQDAEsyIk1yR/6hAAAAAElFTkSuQmCC"
Bookmark treasuretrove - Google Docs,https://docs.google.com/document/d/16lD24DRAaRKzZ1HvsSqaN6JPYwDnjXxc7TnzvKAXXFg/edit?tab=t.0,docs.google.com,work-productivity,2025-12-05T11:19:31,"data:image/png;base64,iVBORw0KGgoAAAANSUhEUgAAABAAAAAQCAYAAAAf8/9hAAAAd0lEQVR4nOyQsQ2AMAwE3+COhhGYhQzCDLRU0KRmIWYhI6QA0SAZ0iCaIJIUNJxkyS7+/XpWemtE9hGgEmEYorynWi8zBBXisJwgdpR8v6aueKVSer12RiLsc44ySE7wd/DcgS/d9x1k51jEY5xBC4JBMOIeDwcAAAD//7RP03wAAAAGSURBVAMABnog/gXuIo0AAAAASUVORK5CYII="
Kagi Search,https://kagi.com/?focus=1,kagi.com,uncategorized,2025-11-27T17:36:24,"data:image/png;base64,iVBORw0KGgoAAAANSUhEUgAAABAAAAAQCAYAAAAf8/9hAAACgUlEQVR4nExTMWgUQRR9f24Tk72LUTBwCelEuWtUAoKIdiLBIqWFhZUWolEknah3EjsJgqJgCgkKlkJMMGBIsBDEIiIasLEQDXKYBD3PrGdud79vZrKHB7ezO/Pf/++9/yfQKgyGilXkZBSpbgcg/ENV3Gp/qQI5o/5EkcJIHbHewUjthug0wT2mgohhasNFlGuSAsZ4jGwDWhEQc6+7U+2xSJ6HjXTcMGKM4JRl3L6vrQh6mCDHnS5gYQkoXVI9N8mYgDGppg4juBwQUyCGJzzgIkYkSYDHz4HFD6TOJC+XgWhTZGCX02MrGArhIoXAVvSVrTxIi4+z94FHC0AYWu3A3xgYOQhcP0l8Ij5Y4Ngab5hPbPLA01esvggcGwLmq8CLCnCkBEy/BmbfUFboY71f/M5Mc8q5Ln/1fbgwDBw+ABzaD4zyvUVZ7z47lu1Yiw384llYoHtn8HqD352+yvqG12e74ogjEw20E7hvAodZ9d4cMDED/Ix80OQ8kCf142Qj8VZr/0+Q2Sjs86caN7n77Qcw9sAHFXYA46foBROkkTc2w7guWE25DtXvayJXngB9nMep88D7LyRFVkfLQHkPffhNgHfN+uBKB1vts7uyWmcQKcYENf54oE1gp7K+BvTuZGzT888kiM70q58jSDOGnrgpYgenbSjBXTRz7wC9OUMZ+xRJ08lwIkSfFRtsZqgJc3QYs7KqOsU52Iw5bqRb4Ch/XAEezqmWdwNLt0S6OzjGvh0RJaS3EQbXZIOzGasO9olcPZ3p8jbrLzLoFykNsrOBm3pBaASNeEIc+dlihVf0Ikesl3dSbP72eDNRYC9VXn3SJmyCOhK9i7e16j8AAAD///eiOWAAAAAGSURBVAMA+20gA6uH16MAAAAASUVORK5CYII="
Project Bob the Builder - Department of AI - Google Drive,https://drive.google.com/drive/u/0/folders/12D-PMKrPpRTAz6_zNALZBHOybRvT_gQa,drive.google.com,work-productivity,2025-11-20T14:44:35,"data:image/png;base64,iVBORw0KGgoAAAANSUhEUgAAABAAAAAQCAYAAAAf8/9hAAACwElEQVR4nKRTTUhUURQ+59z3MzO+mZzRWaQMA7mwJGxatNGEoh8KIqIyBHURrdoKZUTQ2KIfahO0sk0/i8R+wNoFkpuECiQpgqQkrETMxTg6znvvvntvd8axJrJVBw5c7jvf+c73vXMJ/g6Ef4Ra55uxDli13Dmwp+DxLunyMiAcInWrZnoIe2ZG12qqAX+cW4YPpRwz8i6Xz8f4UhEWwYIj0RwMJiby83nRurEbZirF5Sb0C55d7RxG+xIyitWQ5Qau8B3X988bH11miFhdGAbKwOxvYqqASafMPD7azgzWExR8YVuGzZ2YdTo2azXZ+ZC7BMJg0KNGoB11rcquYqnKITQlXdEnplMqxpQTj8ydSnyb0zdSU0pEYIGEq0pVT1Bh3/7oeC/ZrEN4QVCSaIQZ5Vn0THKpOAARIA1G7kJgWLBTjEDv2hSlTrhpeG8sQbWTiJiSvhBkMROUevvm/dYdajaLwUF4TQSZwANumOUJvxKHbXAC8iUJKk51fcy20hos9VBMmwiSQT9kswEOahDCOdB32nbGfZBkQ1ovQF/JUGwdPtxsMzWuBNaClILChhn4cmiic6QbsgNGp2Z4mL0o1ZMN9yG03OUXdUNSTDfIkVRtmLr8qoO480JyrhWU+TEdSk1ZFFsUeg5D8xbQkk3+dPTmh2PNkguldJ3NSBlWcTfLj97+bmdqMogbt7jLtohjkuJhp15raSTABgmsIax44yezvr52rgiZL2OSeAPjC+pp7Nnkde0BCrIXLgAUvJAlKOkowYMiF95KIHgxkH4h8Hw3iHsr/O7mk+JHIkUGLXpeVGkMai2gaPll7bzd1m+mk3W7HMsiYBZjpk1kWuVEM0Q2IVuIRMgMpbHj870b0bGpB9pUqixESRWq/df4Pq5kXMsW+rdVvRPthmR6fXzmkZMbP4vPSy8TV4H/Fz8BAAD//1ZN9ecAAAAGSURBVAMAF8MkTRHA8NoAAAAASUVORK5CYII="
Kurs progress,https://docs.google.com/spreadsheets/d/e/2PACX-1vQDgCUfS2TzOvBAoExiArFM0NnckyZEwMMdCNJwPWQoblQJc27IB0mvXRwgxBNp85gZCIC2j108fi8k/pubchart?oid=1817809534&format=image,docs.google.com,work-productivity,2025-11-18T12:45:31,"data:image/png;base64,iVBORw0KGgoAAAANSUhEUgAAABAAAAAQCAYAAAAf8/9hAAACvklEQVR4nIxTTUhUURQ+59z73jQzjUNjpVZDWCIVaJG1EAtBpDaBtVAyaiFCQbSJEJIgpyhy0SqIcNXGpF8ohIJIoUUbEykjyYVUYtgijUZH5827957uGy2DNDrvXe653HvO933ncAj+NoQVjJe5k8sEc/nN+n3p6cxRo400DBgLsXer7EM3NqUH/oWW96vuHt4CIN5OffsezaXn4YdxoLFkGrpKR6aUMpWRAzC5+JiDnX6HpxbQWcNVJ+pGY9FwNpc1fkx5ftvaT1l3NRcSi458YGoJGBfFof14d8+ROnLFC1DGCEL8OJ6GU6tH4XL5OPlGaiHZaKVr3Hp4zSkgTIFZYtBV5QBiJ9pAezKaBGzeEBk/V/p1EgQZZjbkoINGdHIA2PFLgs2UR48nW2TY2WtyWtkrclygCSy4GJ/L3YCQIIuEao61jGBdrk80WRjOswiy7LjfmAizGUZBJay0Ile67KmhweZHe/g2hvyk88YJcbnyjBIuSeOZMWHMLjwImbyEVVq1y4jcyL7WFkhaupBjv836jC2QdcA/n68SoLBJtIhhmSI6m5dQ0dO8zfI4qee1QauGQgKM590ZPtbbD6kUpQKa9fwEMqpXhhitMWTBIMGZuceQxGT7g/2ko33MKIOykGQvGat450BCGdAgLIoHYd5q3svrY8crHaVsGgJGk4GoVxO01SlqHX1ObqTW99J6fbxQbCwuQgNmgXVQUbtmbf7TQ9e44XO3hnBCZrxcb9GrgYaguD64XjvDDIbDAtcVRpXWc77xs7Yf875WWV9bX6iserj9hJpaU2K7Nqv8uL4QoFuGjJnB4onQztY1m4o3VxdECwSgK0i6Qgi724XWd4loKhIXCCGsnnh6JdE/ci8Yrj9mgbH20swhJLEeiDVbBSIogA5+eyCy741kpb687Eg8WwzmFUf3f+0nAAAA//9qG30DAAAABklEQVQDALDeOeMbgAO2AAAAAElFTkSuQmCC"
PR local,file:///Users/eivind.throndsen@m10s.io/1-Projects/paralell-reader/reader/index.html,,uncategorized,2025-11-09T13:40:12,https:///favicon.ico
PR @ GH Pages,https://pages.github.schibsted.io/eivind-throndsen/paralell-reader/reader/,pages.github.schibsted.io,development,2025-11-08T21:31:03,https://pages.github.schibsted.io/favicon.ico
Department of AI - Google Drive,https://drive.google.com/drive/u/0/folders/0ANHlmkr_LyheUk9PVA,drive.google.com,work-productivity,2025-11-05T19:36:36,"data:image/png;base64,iVBORw0KGgoAAAANSUhEUgAAABAAAAAQCAYAAAAf8/9hAAACwElEQVR4nKRTTUhUURQ+59z3MzO+mZzRWaQMA7mwJGxatNGEoh8KIqIyBHURrdoKZUTQ2KIfahO0sk0/i8R+wNoFkpuECiQpgqQkrETMxTg6znvvvntvd8axJrJVBw5c7jvf+c73vXMJ/g6Ef4Ra55uxDli13Dmwp+DxLunyMiAcInWrZnoIe2ZG12qqAX+cW4YPpRwz8i6Xz8f4UhEWwYIj0RwMJiby83nRurEbZirF5Sb0C55d7RxG+xIyitWQ5Qau8B3X988bH11miFhdGAbKwOxvYqqASafMPD7azgzWExR8YVuGzZ2YdTo2azXZ+ZC7BMJg0KNGoB11rcquYqnKITQlXdEnplMqxpQTj8ydSnyb0zdSU0pEYIGEq0pVT1Bh3/7oeC/ZrEN4QVCSaIQZ5Vn0THKpOAARIA1G7kJgWLBTjEDv2hSlTrhpeG8sQbWTiJiSvhBkMROUevvm/dYdajaLwUF4TQSZwANumOUJvxKHbXAC8iUJKk51fcy20hos9VBMmwiSQT9kswEOahDCOdB32nbGfZBkQ1ovQF/JUGwdPtxsMzWuBNaClILChhn4cmiic6QbsgNGp2Z4mL0o1ZMN9yG03OUXdUNSTDfIkVRtmLr8qoO480JyrhWU+TEdSk1ZFFsUeg5D8xbQkk3+dPTmh2PNkguldJ3NSBlWcTfLj97+bmdqMogbt7jLtohjkuJhp15raSTABgmsIax44yezvr52rgiZL2OSeAPjC+pp7Nnkde0BCrIXLgAUvJAlKOkowYMiF95KIHgxkH4h8Hw3iHsr/O7mk+JHIkUGLXpeVGkMai2gaPll7bzd1m+mk3W7HMsiYBZjpk1kWuVEM0Q2IVuIRMgMpbHj870b0bGpB9pUqixESRWq/df4Pq5kXMsW+rdVvRPthmR6fXzmkZMbP4vPSy8TV4H/Fz8BAAD//1ZN9ecAAAAGSURBVAMAF8MkTRHA8NoAAAAASUVORK5CYII="
Min backlog,https://docs.google.com/spreadsheets/d/1CI34WYiQhUX9lFmnDKF9Uei2GtqZRht4JnX3fVcEwko/edit?gid=1493352172#gid=1493352172,docs.google.com,work-productivity,2025-10-28T15:25:04,"data:image/png;base64,iVBORw0KGgoAAAANSUhEUgAAABAAAAAQCAYAAAAf8/9hAAAAg0lEQVR4nOSTwQmAMAxFf6UDOIJL6CIKHp3BDeoGXaPgJi7hCJ3AaIRCKYIGexB8l4aGfJIfohvXDhvBAighQAGrUjCaCEZazBBQHbVWc5Aml34+39p1dzqlxkvyCYS2Y67+AmG8fB3EhglMxIdM/LmAR3JMT9bH8EUWimjkAHI8iKYdAAD//4QIUiIAAAAGSURBVAMAVAIjDTGRLCkAAAAASUVORK5CYII="
Bob applications,https://docs.google.com/spreadsheets/d/181_3p9asZCRECuWTzaIiJG-H7QPFcI6nncr0arHV7Xk/edit?gid=1284805341#gid=1284805341,docs.google.com,work-productivity,2025-10-08T11:42:45,"data:image/png;base64,iVBORw0KGgoAAAANSUhEUgAAABAAAAAQCAYAAAAf8/9hAAAAg0lEQVR4nOSTwQmAMAxFf6UDOIJL6CIKHp3BDeoGXaPgJi7hCJ3AaIRCKYIGexB8l4aGfJIfohvXDhvBAighQAGrUjCaCEZazBBQHbVWc5Aml34+39p1dzqlxkvyCYS2Y67+AmG8fB3EhglMxIdM/LmAR3JMT9bH8EUWimjkAHI8iKYdAAD//4QIUiIAAAAGSURBVAMAVAIjDTGRLCkAAAAASUVORK5CYII="
AI Productivity Platforms T3 Deliveries Timeline - Google Sheets,https://docs.google.com/spreadsheets/d/15GuR8MoqMbLL85wiN7nquFGHcVpCunTM3v0HdoQSjjo/edit?gid=1593267811#gid=1593267811,docs.google.com,work-productivity,2025-10-20T12:31:53,"data:image/png;base64,iVBORw0KGgoAAAANSUhEUgAAABAAAAAQCAYAAAAf8/9hAAAAg0lEQVR4nOSTwQmAMAxFf6UDOIJL6CIKHp3BDeoGXaPgJi7hCJ3AaIRCKYIGexB8l4aGfJIfohvXDhvBAighQAGrUjCaCEZazBBQHbVWc5Aml34+39p1dzqlxkvyCYS2Y67+AmG8fB3EhglMxIdM/LmAR3JMT9bH8EUWimjkAHI8iKYdAAD//4QIUiIAAAAGSURBVAMAVAIjDTGRLCkAAAAASUVORK5CYII="
Bob T3 Backlog,https://docs.google.com/spreadsheets/d/1m-Ta5YtFOYU_M0Gwap4l0llJ1d6DScKvtEbXNBg0xTs/edit?gid=2132750046#gid=2132750046,docs.google.com,work-productivity,2025-10-08T11:51:11,"data:image/png;base64,iVBORw0KGgoAAAANSUhEUgAAABAAAAAQCAYAAAAf8/9hAAAAg0lEQVR4nOSTwQmAMAxFf6UDOIJL6CIKHp3BDeoGXaPgJi7hCJ3AaIRCKYIGexB8l4aGfJIfohvXDhvBAighQAGrUjCaCEZazBBQHbVWc5Aml34+39p1dzqlxkvyCYS2Y67+AmG8fB3EhglMxIdM/LmAR3JMT9bH8EUWimjkAHI8iKYdAAD//4QIUiIAAAAGSURBVAMAVAIjDTGRLCkAAAAASUVORK5CYII="
Department of AI - Google Drive,https://drive.google.com/drive/folders/0ANHlmkr_LyheUk9PVA,drive.google.com,work-productivity,2025-10-20T15:23:01,"data:image/png;base64,iVBORw0KGgoAAAANSUhEUgAAABAAAAAQCAYAAAAf8/9hAAACwElEQVR4nKRTTUhUURQ+59z3MzO+mZzRWaQMA7mwJGxatNGEoh8KIqIyBHURrdoKZUTQ2KIfahO0sk0/i8R+wNoFkpuECiQpgqQkrETMxTg6znvvvntvd8axJrJVBw5c7jvf+c73vXMJ/g6Ef4Ra55uxDli13Dmwp+DxLunyMiAcInWrZnoIe2ZG12qqAX+cW4YPpRwz8i6Xz8f4UhEWwYIj0RwMJiby83nRurEbZirF5Sb0C55d7RxG+xIyitWQ5Qau8B3X988bH11miFhdGAbKwOxvYqqASafMPD7azgzWExR8YVuGzZ2YdTo2azXZ+ZC7BMJg0KNGoB11rcquYqnKITQlXdEnplMqxpQTj8ydSnyb0zdSU0pEYIGEq0pVT1Bh3/7oeC/ZrEN4QVCSaIQZ5Vn0THKpOAARIA1G7kJgWLBTjEDv2hSlTrhpeG8sQbWTiJiSvhBkMROUevvm/dYdajaLwUF4TQSZwANumOUJvxKHbXAC8iUJKk51fcy20hos9VBMmwiSQT9kswEOahDCOdB32nbGfZBkQ1ovQF/JUGwdPtxsMzWuBNaClILChhn4cmiic6QbsgNGp2Z4mL0o1ZMN9yG03OUXdUNSTDfIkVRtmLr8qoO480JyrhWU+TEdSk1ZFFsUeg5D8xbQkk3+dPTmh2PNkguldJ3NSBlWcTfLj97+bmdqMogbt7jLtohjkuJhp15raSTABgmsIax44yezvr52rgiZL2OSeAPjC+pp7Nnkde0BCrIXLgAUvJAlKOkowYMiF95KIHgxkH4h8Hw3iHsr/O7mk+JHIkUGLXpeVGkMai2gaPll7bzd1m+mk3W7HMsiYBZjpk1kWuVEM0Q2IVuIRMgMpbHj870b0bGpB9pUqixESRWq/df4Pq5kXMsW+rdVvRPthmR6fXzmkZMbP4vPSy8TV4H/Fz8BAAD//1ZN9ecAAAAGSURBVAMAF8MkTRHA8NoAAAAASUVORK5CYII="
dAI Presentations,https://drive.google.com/drive/folders/17R2TFtPsS7xbnvP8a7Z1_oR5-VVTcI6j,drive.google.com,work-productivity,2025-10-18T23:02:09,"data:image/png;base64,iVBORw0KGgoAAAANSUhEUgAAABAAAAAQCAYAAAAf8/9hAAACwElEQVR4nKRTTUhUURQ+59z3MzO+mZzRWaQMA7mwJGxatNGEoh8KIqIyBHURrdoKZUTQ2KIfahO0sk0/i8R+wNoFkpuECiQpgqQkrETMxTg6znvvvntvd8axJrJVBw5c7jvf+c73vXMJ/g6Ef4Ra55uxDli13Dmwp+DxLunyMiAcInWrZnoIe2ZG12qqAX+cW4YPpRwz8i6Xz8f4UhEWwYIj0RwMJiby83nRurEbZirF5Sb0C55d7RxG+xIyitWQ5Qau8B3X988bH11miFhdGAbKwOxvYqqASafMPD7azgzWExR8YVuGzZ2YdTo2azXZ+ZC7BMJg0KNGoB11rcquYqnKITQlXdEnplMqxpQTj8ydSnyb0zdSU0pEYIGEq0pVT1Bh3/7oeC/ZrEN4QVCSaIQZ5Vn0THKpOAARIA1G7kJgWLBTjEDv2hSlTrhpeG8sQbWTiJiSvhBkMROUevvm/dYdajaLwUF4TQSZwANumOUJvxKHbXAC8iUJKk51fcy20hos9VBMmwiSQT9kswEOahDCOdB32nbGfZBkQ1ovQF/JUGwdPtxsMzWuBNaClILChhn4cmiic6QbsgNGp2Z4mL0o1ZMN9yG03OUXdUNSTDfIkVRtmLr8qoO480JyrhWU+TEdSk1ZFFsUeg5D8xbQkk3+dPTmh2PNkguldJ3NSBlWcTfLj97+bmdqMogbt7jLtohjkuJhp15raSTABgmsIax44yezvr52rgiZL2OSeAPjC+pp7Nnkde0BCrIXLgAUvJAlKOkowYMiF95KIHgxkH4h8Hw3iHsr/O7mk+JHIkUGLXpeVGkMai2gaPll7bzd1m+mk3W7HMsiYBZjpk1kWuVEM0Q2IVuIRMgMpbHj870b0bGpB9pUqixESRWq/df4Pq5kXMsW+rdVvRPthmR6fXzmkZMbP4vPSy8TV4H/Fz8BAAD//1ZN9ecAAAAGSURBVAMAF8MkTRHA8NoAAAAASUVORK5CYII="
pubchart (1620×1002),https://docs.google.com/spreadsheets/d/e/2PACX-1vQDgCUfS2TzOvBAoExiArFM0NnckyZEwMMdCNJwPWQoblQJc27IB0mvXRwgxBNp85gZCIC2j108fi8k/pubchart?oid=1817809534&format=image,docs.google.com,work-productivity,2025-11-18T12:44:05,"data:image/png;base64,iVBORw0KGgoAAAANSUhEUgAAABAAAAAQCAYAAAAf8/9hAAACvklEQVR4nIxTTUhUURQ+59z73jQzjUNjpVZDWCIVaJG1EAtBpDaBtVAyaiFCQbSJEJIgpyhy0SqIcNXGpF8ohIJIoUUbEykjyYVUYtgijUZH5827957uGy2DNDrvXe653HvO933ncAj+NoQVjJe5k8sEc/nN+n3p6cxRo400DBgLsXer7EM3NqUH/oWW96vuHt4CIN5OffsezaXn4YdxoLFkGrpKR6aUMpWRAzC5+JiDnX6HpxbQWcNVJ+pGY9FwNpc1fkx5ftvaT1l3NRcSi458YGoJGBfFof14d8+ROnLFC1DGCEL8OJ6GU6tH4XL5OPlGaiHZaKVr3Hp4zSkgTIFZYtBV5QBiJ9pAezKaBGzeEBk/V/p1EgQZZjbkoINGdHIA2PFLgs2UR48nW2TY2WtyWtkrclygCSy4GJ/L3YCQIIuEao61jGBdrk80WRjOswiy7LjfmAizGUZBJay0Ile67KmhweZHe/g2hvyk88YJcbnyjBIuSeOZMWHMLjwImbyEVVq1y4jcyL7WFkhaupBjv836jC2QdcA/n68SoLBJtIhhmSI6m5dQ0dO8zfI4qee1QauGQgKM590ZPtbbD6kUpQKa9fwEMqpXhhitMWTBIMGZuceQxGT7g/2ko33MKIOykGQvGat450BCGdAgLIoHYd5q3svrY8crHaVsGgJGk4GoVxO01SlqHX1ObqTW99J6fbxQbCwuQgNmgXVQUbtmbf7TQ9e44XO3hnBCZrxcb9GrgYaguD64XjvDDIbDAtcVRpXWc77xs7Yf875WWV9bX6iserj9hJpaU2K7Nqv8uL4QoFuGjJnB4onQztY1m4o3VxdECwSgK0i6Qgi724XWd4loKhIXCCGsnnh6JdE/ci8Yrj9mgbH20swhJLEeiDVbBSIogA5+eyCy741kpb687Eg8WwzmFUf3f+0nAAAA//9qG30DAAAABklEQVQDALDeOeMbgAO2AAAAAElFTkSuQmCC"
Ebba / Eivind 1:1 - Google Docs,https://docs.google.com/document/d/1x7ytEi-FQLaZ45jvZ9bgv5pf04IX61_mtYcRX8MpZIs/edit?tab=t.0,docs.google.com,work-productivity,2025-09-30T08:58:34,"data:image/png;base64,iVBORw0KGgoAAAANSUhEUgAAABAAAAAQCAYAAAAf8/9hAAAAd0lEQVR4nOyQsQ2AMAwE3+COhhGYhQzCDLRU0KRmIWYhI6QA0SAZ0iCaIJIUNJxkyS7+/XpWemtE9hGgEmEYorynWi8zBBXisJwgdpR8v6aueKVSer12RiLsc44ySE7wd/DcgS/d9x1k51jEY5xBC4JBMOIeDwcAAAD//7RP03wAAAAGSURBVAMABnog/gXuIo0AAAAASUVORK5CYII="
PM Days Plan,https://miro.com/app/board/uXjVNOPu5RE=/,miro.com,tools-utilities,2025-10-14T12:06:57,"data:image/png;base64,iVBORw0KGgoAAAANSUhEUgAAABAAAAAQCAYAAAAf8/9hAAAC00lEQVR4nFxTz08TURD+5m27LRZMYxQUIiYYNUYIGNv4I0IhAqImGglHjh418W7iVWP8Fzxp9OLFGH+gHjzogXighESUCKgQA1ik0NJ2u7tvnPcaiHGTdndn3zfzfd/MRCAXz3R1wVV3OOA+ELlkYgxz+/diqkUqiKh38ILbdDibJZ490QGFt4irJpRD+U7QIUNF5DTj/2dWSo4kHEJJL0vkvJIPd1En4FJYrXhgzxNAnFAsaGw9b2xohIGAG5TlwBuhjx2CgbqnpGCfLoYaCXKfvirTsYs5Hv9UxZuPVbRfyuH9hyoePisjPbJKj56UGBESkYjypmA0ZwyhOhGs4AEDZ2NGJw1fz2MpF6I+QRi5sYb5hRDlCuParXUavZnn5T9aDIESVTFl7JKc0B5zU6tDo1fiWBPK9x+UYPQ6DvD4RQVR8SG5U2F80icngHhBot5URs1bLXlYA92pGBoSykbNIS2x5j0Ku5KE9QJjKBPD7haHwqppE5Ha7pH5kypzCwHywqB1n8KhAw4KRUaqPQrfN6UYPakoOGJ4WwS2E5hqJFmzX3xUfUbvyRhWVjUa6gmdR6NYzWu0NDnIpFxQGVaekW4TmGxGqy/Vsp8DezDdEcW3H6GAI9i/V2FxSYs8F43NDrQUMGCDsyaa4RH6/GtF4+t8gHOnXeyoAxaXQ1ztj6Mo3dvc1LjQ44JdC7T8TQ5LRGt5F2YT0z7nhPbo5Trxwg4P+s/EMDEdIJlUyKQNfVvddNumkElkjxRp4cKzP0NKd0a595SLme8BBrtjONIWwdLvEMMDcTSKNBb6ysyvMj1D2ezCGBJqEIXQ9wJZE0kdFZqVSs2XiPxkxOG6pve2u4a+L/vgohi8JJ473imejtnZLtWWyeTeajCLPJLdga7ZbYNmmcqyTLo6oKhtYhJBOASPn0vusjFI+s0GaMHGKdlI3lpwRhUVfg0/HKKDU1N/AQAA///3ylUOAAAABklEQVQDAOIRZAmvvT2dAAAAAElFTkSuQmCC"
AI HR Assistant - Google Drive,https://drive.google.com/drive/folders/1Gb7a02BjU1eFKGEyZIlHHtMagCTTMsqX,drive.google.com,work-productivity,2025-10-31T13:32:49,"data:image/png;base64,iVBORw0KGgoAAAANSUhEUgAAABAAAAAQCAYAAAAf8/9hAAACwElEQVR4nKRTTUhUURQ+59z3MzO+mZzRWaQMA7mwJGxatNGEoh8KIqIyBHURrdoKZUTQ2KIfahO0sk0/i8R+wNoFkpuECiQpgqQkrETMxTg6znvvvntvd8axJrJVBw5c7jvf+c73vXMJ/g6Ef4Ra55uxDli13Dmwp+DxLunyMiAcInWrZnoIe2ZG12qqAX+cW4YPpRwz8i6Xz8f4UhEWwYIj0RwMJiby83nRurEbZirF5Sb0C55d7RxG+xIyitWQ5Qau8B3X988bH11miFhdGAbKwOxvYqqASafMPD7azgzWExR8YVuGzZ2YdTo2azXZ+ZC7BMJg0KNGoB11rcquYqnKITQlXdEnplMqxpQTj8ydSnyb0zdSU0pEYIGEq0pVT1Bh3/7oeC/ZrEN4QVCSaIQZ5Vn0THKpOAARIA1G7kJgWLBTjEDv2hSlTrhpeG8sQbWTiJiSvhBkMROUevvm/dYdajaLwUF4TQSZwANumOUJvxKHbXAC8iUJKk51fcy20hos9VBMmwiSQT9kswEOahDCOdB32nbGfZBkQ1ovQF/JUGwdPtxsMzWuBNaClILChhn4cmiic6QbsgNGp2Z4mL0o1ZMN9yG03OUXdUNSTDfIkVRtmLr8qoO480JyrhWU+TEdSk1ZFFsUeg5D8xbQkk3+dPTmh2PNkguldJ3NSBlWcTfLj97+bmdqMogbt7jLtohjkuJhp15raSTABgmsIax44yezvr52rgiZL2OSeAPjC+pp7Nnkde0BCrIXLgAUvJAlKOkowYMiF95KIHgxkH4h8Hw3iHsr/O7mk+JHIkUGLXpeVGkMai2gaPll7bzd1m+mk3W7HMsiYBZjpk1kWuVEM0Q2IVuIRMgMpbHj870b0bGpB9pUqixESRWq/df4Pq5kXMsW+rdVvRPthmR6fXzmkZMbP4vPSy8TV4H/Fz8BAAD//1ZN9ecAAAAGSURBVAMAF8MkTRHA8NoAAAAASUVORK5CYII="
TET Kollektivskjerm - Avganger,https://mon.ruter.no/departures/59.910357-10.753051/N4Igrgzgpgwg9gGzAWwHYBkCGBPOYAuIAXAGaYLQA0IARnJgE4AmExA2qE1AjlEwMr5G+ACoBLZFGIAGagAsxTLhjGoorIsAC+1VChpQGAeRIARKAAdhYBuuIBOavjH4EUoiCMQEcAAT8QaiYxCEwaNyYRBkxUCAs4BnwAWTguDTZaSBAAXWooVDCI4nwGMCh5RSgozABjAGt4JDRiMgpykAh8OAsABR4aqABJFnYQADl+ACUiQW6+2qgiAFZ7ADYAZgB2HJ1Obl4BIUTxSRkKpXz0VTtNHRA9ZANjM0trWw1HEGdXdxARTAAbm5fAR8r5vvhuIEQMFQuE+NVYvFEik0uxciB8oU+MVSu0FFxqvVGihUC1yFQOl1ev0hiMiGxsloMQDDBAxHAyUQAEznKAAQVQEkwzk5GlalIJUH4LjAIo5sXJbS0QA,mon.ruter.no,uncategorized,2025-10-14T20:20:54,"data:image/png;base64,iVBORw0KGgoAAAANSUhEUgAAABAAAAAQCAIAAACQkWg2AAABQElEQVR4nIxRsU7DMBDt2W6kJAulY76kEnsFCBYiIaSOHfgRBAz9FIb+DuqUjbI1sZ00dsKzIzEQkvYpSuy7e3fvXsTXvuCctx44TIbReAjGSClFRKjO83yEEEWhEIKUblarp9nFLEmSzeYtCMKmsX9KOWdVVa3Xzy+v78La1tTH7fYjjmMppVIa2noEbq3JsswaEu4uph4BEozxIUIQBEQtdmCyKBaLq8v5fLf75Fz0CR18nFwaG9f10RjDPXDtT+jiKIYk94ESJaW1Vms1GQDMhKUC7fDA4DR95IJPxbQviRgzpl4ub9vWegJjZVk+pPfXN3fIEuvLd03hJ+Zjh0m3hlL2cCjI419JCEM5dnDVrXvDMDZC6ABJhF0b2/zWnSBAD/4xCJ2w8WrXbv8ttdYQFoZR589ZE3CCsJPtgR8AAAD//1qZjAQAAAAGSURBVAMAv7yxCbs1FYsAAAAASUVORK5CYII="
GTD,https://trello.com/b/3u5NaDni/eivinds-gtd-bord,trello.com,work-productivity,2025-09-17T15:47:08,"data:image/png;base64,iVBORw0KGgoAAAANSUhEUgAAABAAAAAQCAYAAAAf8/9hAAACaklEQVR4nFxTTWsUQRB91dOzO5uPyckQkRAPQm45eIg5igoq+A88COJfEAQRQSQXrx4VwX+gCOpBBBWPgXiJQSSXhOQg6Lqb3Z2P7rKqZhbFhp7pralX/d6rWg9dd96fhu8+AIdLFKsTYEpY42xPgAhkbw7s/CGQfEA5uY9HF7+TgM/Ad17JXsVkCIQoKEl3hAbVrtAWS+RDNgvU5S54ctlLZNPAo37pZeW9jl03mNSo6mglfOI4n0sNPyhDrEb9GjP5Ksrw0MNhA8UodgX8+uYanT2Vg0XD1v5vXHmyzcrkTRsnR7y136erT7d9UYyjSDvvRdZJrplm5lOsL+eY7SR268bKAmddPbOdZ1KL0/qynLOUimEF8rTkRFki5oBjpHEVEcU4lj0qA7GdgVERSOO6x3W0XFhpdaTxRh1jNdu8M/+mzpNKahsifAUsSwP6hJ/2p/WcG7j+4LYLjPluYuZreCFL2b4IXG/0aHLadpPRt5CcE+fQH5Z4/PkAa0tzFt8+GmIwrqTNzubEW74QkJfRQ1tT9baUcPvlt3YYzCxCx2u6yfZKWL2SeuTNETauyXSIdKYybwWVomPPUXO44e2EclDZRRX557g2Gbr7ReBSHNc5iNFGQ9og92shnopGEBOTH8J68biqce3ZF1rJO+bw3q+CjqWIGIEpK5PQmMWN13Qogukd0uw64qDYORqmOwdoRCmwEfgX2NQQJqFGL++gKD45uOouQrWLLO9SxzvXk+nupaA0aYH/gG2J/QoO9Vck5b0EH5/3ce7GW1BclK8LMmWz4pLDf3/nhggCEn8gpxeoilvYvLD3BwAA//+EMxNFAAAABklEQVQDAFtiMVvb2XNNAAAAAElFTkSuQmCC"
Bob T3 curriculum - Google Docs,https://docs.google.com/document/d/1n2ftVRIShcs3VO0K1huT-A5U4G3yeejDTzO8PfxAjsM/edit?tab=t.fu8b86w409js#heading=h.o4v40ckh5ukd,docs.google.com,work-productivity,2025-10-02T13:14:58,"data:image/png;base64,iVBORw0KGgoAAAANSUhEUgAAABAAAAAQCAYAAAAf8/9hAAAAd0lEQVR4nOyQsQ2AMAwE3+COhhGYhQzCDLRU0KRmIWYhI6QA0SAZ0iCaIJIUNJxkyS7+/XpWemtE9hGgEmEYorynWi8zBBXisJwgdpR8v6aueKVSer12RiLsc44ySE7wd/DcgS/d9x1k51jEY5xBC4JBMOIeDwcAAAD//7RP03wAAAAGSURBVAMABnog/gXuIo0AAAAASUVORK5CYII="
Lookup tool,https://document-lookup.m10s.io/,document-lookup.m10s.io,uncategorized,2025-10-02T11:43:37,"data:image/png;base64,iVBORw0KGgoAAAANSUhEUgAAABAAAAAQCAYAAAAf8/9hAAACa0lEQVR4nKSSz0sVURTHz7k/Zkbr8XxIi0xTwkJpYaRQgcRrI0FYKGqtslWuCmpb0WDlH6ArWxXYz1egq1bSQAktCvuFVFKbpEc9w0yf43Puvac7hpYpGXRgDmfunPs553zPCPhPE7HbdaPliGBQbhAjBoDG2EOOxsaORvVwtGNozJ6gfWg1oLfalRz6ZKqowswrQIagLYCskyUeFD7nL9u8C5AGDgGoPwG46K+f3ApMpYBQO4xjFUx6Ca4ZIce5wvT4m87hr38dgdhVxzbn2VDbGgQn4KUlF36lEUI7MNhpv/loVnRAveAu1PJxp5RVQGhHdAHCKTpaPKLv9W+u513ZZg2+b1bWtUB7dXkEFUCzzSi3/FhE4EkYwt2QWxKuqWeyRqNb53jexIMzcmS1BsvUn9YPDaILnsWC0YFLsz0FEmc5Q1cZIJdFwxrD44/ObcrGd5DSaZETs6+SktfkrfIxxWMSvNxYS2XrlLPdgTt7Kwt0sE6Y8ayGzAuHhzOz94PzibYYIDJBQPvTDQMFYyo1GB1DldBWXudDqdEXt5Rw47c6WnCQjTsYTIdK3xyBQ8f68mW3T+En0RErHzy9AmvYvqa54iKZAMGNJLJbRcBkMTBj9ztPvGhxjWmfhJQztwB5LRkVWVkYkEGbHRGy6rdZwwYea9W2h9Prj8YMPmfOBseMDp723i+KGANQ5AcYl7VGR5HVgP225FATlYFIVKUSAN/ztl2lwP65ORXOHQ785BOEdSztf9nI3ESbQqeO6XCCkXmHwrtmi6UoWti2LmAta+z+Vi+57KRId/8ToP0u8aU4k4kd6qX3HwAAAP//DUvggwAAAAZJREFUAwCopQCkMLWi/gAAAABJRU5ErkJggg=="
Gemini,https://gemini.google.com/app,gemini.google.com,uncategorized,2025-09-22T10:47:26,"data:image/png;base64,iVBORw0KGgoAAAANSUhEUgAAABAAAAAQCAYAAAAf8/9hAAACh0lEQVR4nIxSS08TURQ+9zGPtrQUFEFajAswoTERU5PSjYHEhZCYuID+AGOa+GLhjkiwwTVsjCb8A6QxcaMkbmAl1HdADaa4QEoqkAJtp512Zu5cZ1ofKAU9m3vul/N995xzPwqHhBIKNdtnXSKxcVANrgXyHzh2yXewp27YzqcBSK1adIAAgrBfLroDyR1XM3B6tKMtPlGyYP7PDngQBEuV5z2d18Hd5Ns81uWb84Wv2eRodFI4tAMeA4piYGQu9XRjT+vzVUe7c6nxHCy7TxdW6JELj4brX/XEOJ2LIeMPgZ9EO89eDXUbDl885Qj43wtn2Qe5E76KJ8kOEteymhlJjIgLFaYlBJbQrw74IIhqd/vNgt40lpICrjcozJZZkHwxTkDGdDIdy0TnoJjcHH1bxg8sslbpQHkKLZQ23AZNvmwyZ8cya+Hv9KC5VDpPVtUunik0Q1GTEAPKACGMRUCmDknOzCcG4HGKiBMxCXl1jygoThdsKAKk8ias51TI6gXQiA4cSdWv4RxZFzsXMMJeUwNEXReLaYBiNJkMSaqxc4N75TFZLLmwvsm4ukWAegETiQEXiGlyBcrmaP4bfrhyH5XtEWhl/mkgqGPGBiaefep70eguxFv1LX+utM40rd56up5gTV9Ti0JkcQRXlzjICcQRq/gARYDZ5+xsD+0PzCyQsjbgduzmJE8KjLo0cGc6j2lmYHEELVS2b4dF3mek3t45IzoZFK6ceZxIq8o95tkmqnuD5OjHu/NDx1/C5GsB9nhgn5F+OwpQODUoFz83JHdVL1sl/lPQd8ta2X9YuRIRwPNtcXXN0KdyQmYK+ofKEEE1a2lNgXh1J9ugj1uvsr3Y3/EdAAD//429n5gAAAAGSURBVAMApnISZcw7dI0AAAAASUVORK5CYII="
m10s Okta,https://m10s.okta.com/app/UserHome?session_hint=AUTHENTICATED,m10s.okta.com,uncategorized,2025-09-21T21:47:12,"data:image/png;base64,iVBORw0KGgoAAAANSUhEUgAAABAAAAAQCAYAAAAf8/9hAAACEElEQVR4nHRTPUgcQRT+ZnbvDj2bI3BFcomSQP4IKZREkiIhXplUIQQUA4FUgUCaQCTXCBIhSZEiIaQRCwsbbcTGwuMKFfxDRMHGxj/Ef1RO8W5vx2929+7m0HvL2337zXtv3nvzjQ1THn6Jwgm/hFKvAdFMJBGsrFOniPchGkljtvOkGCJKwQ9S11FQHbRaqTFcLnuMGETO6cLyT50UlgffTl0D1F9a7dQaVJdaaiMseQvxpxPYGT+00NRZC6fQzcxtFRUBWeoGkQN+bWrEqPoOICOoT2YksmcthN4YwS51lBW1wxLP4Yhn7L2Nmg7WiklacZp7ZUOId/y5UtpXqQyE/ICl7hWjmg3cSy1wsYd2MsBietiSxmPD8Zj6G0vfVy5072HenLJlUDTrBInyP3bgyjlUE0vO8r1tIAlZ4aCYwnasqglkXnuoCgg+SYoSh5KNVRPkQ48YHjeQNSZQkwYQZR+fOLD6C8F3Oxro+5lWnYFOC9z/9pZZ/6PMPtc/CfxBqDADNyRQcJu8xMCLoGote/R7b6MmPIyTXD+Bj/DPV/JoW6BPx7G36URMxP3qSqL4DOh7YWEzkyctFxl3Ex7DSoQKB1XFArscDAzBFV+x2LXvT5ycxtUnYxyg7q8BPucvE03rXjI0RV4Yl0nL1vgRbiTTvGnzbMEOSq6DT99VbjzCXX8hnPuHhR+7xbBzAAAA///iqZUFAAAABklEQVQDABEknSsJ0Li/AAAAAElFTkSuQmCC"
ET Scratchpad,https://docs.google.com/document/d/10rOXXPXKa598u3MT025w_rfx1gg-VUbwawPbI5l9XmQ/edit?tab=t.0,docs.google.com,work-productivity,2025-09-19T12:45:12,"data:image/png;base64,iVBORw0KGgoAAAANSUhEUgAAABAAAAAQCAYAAAAf8/9hAAAAd0lEQVR4nOyQsQ2AMAwE3+COhhGYhQzCDLRU0KRmIWYhI6QA0SAZ0iCaIJIUNJxkyS7+/XpWemtE9hGgEmEYorynWi8zBBXisJwgdpR8v6aueKVSer12RiLsc44ySE7wd/DcgS/d9x1k51jEY5xBC4JBMOIeDwcAAAD//7RP03wAAAAGSURBVAMABnog/gXuIo0AAAAASUVORK5CYII="
Bob T3,https://docs.google.com/spreadsheets/d/1yiEmeVOfhPjgZDW_y-mJ_5wkmmkG5nDywhy6Glf_qEw/edit?gid=1333961440#gid=1333961440,docs.google.com,work-productivity,2025-09-25T13:39:57,"data:image/png;base64,iVBORw0KGgoAAAANSUhEUgAAABAAAAAQCAYAAAAf8/9hAAAAg0lEQVR4nOSTwQmAMAxFf6UDOIJL6CIKHp3BDeoGXaPgJi7hCJ3AaIRCKYIGexB8l4aGfJIfohvXDhvBAighQAGrUjCaCEZazBBQHbVWc5Aml34+39p1dzqlxkvyCYS2Y67+AmG8fB3EhglMxIdM/LmAR3JMT9bH8EUWimjkAHI8iKYdAAD//4QIUiIAAAAGSURBVAMAVAIjDTGRLCkAAAAASUVORK5CYII="
Vibe,https://vibe.vend.com/home/,vibe.vend.com,uncategorized,2025-06-06T16:51:19,"data:image/png;base64,iVBORw0KGgoAAAANSUhEUgAAABAAAAAQCAIAAACQkWg2AAABnUlEQVR4nIxSPUsDQRC93duLgSSiSRQsDKKCVbDRFOJHYSEWEgxYJRCxsLHyZ1haq2CliGJE/AmiNhIlKthoIWgiahMvX5e7cXb3cjljERdub3b3zcybN8Msy1L+twghAMDw17wDe/3CUSoxeI8Gcz+jTfH5T2yJsTO0oF+us8V8gTLWwEEkNuYLBiXzhgMAnqmq3h5m9tKrKmNIQ7Kulr+Hp2dWTvY1r1cmoTwMUuQbeb64soy6tzNgVmtGuYKB/F3h15tcMf+OISQxXjQowgUAw4BiYZlT62vdkf7c8enT+aW/t0cR7IkIzSlhlZYCVHiaZi2+uTGaiOP9+HJyaz7xlrtHtjyu0Io66uFXr1QD4T5EZw+OdpdSmDCaiBt6ibiUE2oIuFCJsA4PGoWHx7vMGRqqRyOa5ijLHTg5pAScUkXXSx9fdgNRR0KMUlkvflqmiZSksnaniaoiJpZODk1O4DG6uBAaHEC/kbnZ1M62LxTkcYXW3E+2UMrsjIDbcGy+u4cPafBKRDYQrXR62hytllFru5iTqy1Uwn4AAAD//098UCUAAAAGSURBVAMAnjPw3rgHuF4AAAAASUVORK5CYII="
ChatGPT Usage Survey (Responses) - Google Sheets,https://docs.google.com/spreadsheets/d/19U-1UB90KGuPfvWOpRfUPMo458eZ35JqhS_RxHWs0rE/edit?gid=422215140#gid=422215140,docs.google.com,work-productivity,2025-08-08T16:52:55,"data:image/png;base64,iVBORw0KGgoAAAANSUhEUgAAABAAAAAQCAYAAAAf8/9hAAAAg0lEQVR4nOSTwQmAMAxFf6UDOIJL6CIKHp3BDeoGXaPgJi7hCJ3AaIRCKYIGexB8l4aGfJIfohvXDhvBAighQAGrUjCaCEZazBBQHbVWc5Aml34+39p1dzqlxkvyCYS2Y67+AmG8fB3EhglMxIdM/LmAR3JMT9bH8EUWimjkAHI8iKYdAAD//4QIUiIAAAAGSURBVAMAVAIjDTGRLCkAAAAASUVORK5CYII="
Lookup Tool,https://document-lookup.m10s.io/,document-lookup.m10s.io,uncategorized,2025-09-29T10:42:28,"data:image/png;base64,iVBORw0KGgoAAAANSUhEUgAAABAAAAAQCAYAAAAf8/9hAAACa0lEQVR4nKSSz0sVURTHz7k/Zkbr8XxIi0xTwkJpYaRQgcRrI0FYKGqtslWuCmpb0WDlH6ArWxXYz1egq1bSQAktCvuFVFKbpEc9w0yf43Puvac7hpYpGXRgDmfunPs553zPCPhPE7HbdaPliGBQbhAjBoDG2EOOxsaORvVwtGNozJ6gfWg1oLfalRz6ZKqowswrQIagLYCskyUeFD7nL9u8C5AGDgGoPwG46K+f3ApMpYBQO4xjFUx6Ca4ZIce5wvT4m87hr38dgdhVxzbn2VDbGgQn4KUlF36lEUI7MNhpv/loVnRAveAu1PJxp5RVQGhHdAHCKTpaPKLv9W+u513ZZg2+b1bWtUB7dXkEFUCzzSi3/FhE4EkYwt2QWxKuqWeyRqNb53jexIMzcmS1BsvUn9YPDaILnsWC0YFLsz0FEmc5Q1cZIJdFwxrD44/ObcrGd5DSaZETs6+SktfkrfIxxWMSvNxYS2XrlLPdgTt7Kwt0sE6Y8ayGzAuHhzOz94PzibYYIDJBQPvTDQMFYyo1GB1DldBWXudDqdEXt5Rw47c6WnCQjTsYTIdK3xyBQ8f68mW3T+En0RErHzy9AmvYvqa54iKZAMGNJLJbRcBkMTBj9ztPvGhxjWmfhJQztwB5LRkVWVkYkEGbHRGy6rdZwwYea9W2h9Prj8YMPmfOBseMDp723i+KGANQ5AcYl7VGR5HVgP225FATlYFIVKUSAN/ztl2lwP65ORXOHQ785BOEdSztf9nI3ESbQqeO6XCCkXmHwrtmi6UoWti2LmAta+z+Vi+57KRId/8ToP0u8aU4k4kd6qX3HwAAAP//DUvggwAAAAZJREFUAwCopQCkMLWi/gAAAABJRU5ErkJggg=="
Bob the Builder (2025) - Google Drive,https://drive.google.com/drive/u/0/folders/0ABgcZHVsZcfzUk9PVA,drive.google.com,work-productivity,2025-06-18T15:43:33,"data:image/png;base64,iVBORw0KGgoAAAANSUhEUgAAABAAAAAQCAYAAAAf8/9hAAACvklEQVR4nIxTTUhUURQ+59z73jQzjUNjpVZDWCIVaJG1EAtBpDaBtVAyaiFCQbSJEJIgpyhy0SqIcNXGpF8ohIJIoUUbEykjyYVUYtgijUZH5827957uGy2DNDrvXe653HvO933ncAj+NoQVjJe5k8sEc/nN+n3p6cxRo400DBgLsXer7EM3NqUH/oWW96vuHt4CIN5OffsezaXn4YdxoLFkGrpKR6aUMpWRAzC5+JiDnX6HpxbQWcNVJ+pGY9FwNpc1fkx5ftvaT1l3NRcSi458YGoJGBfFof14d8+ROnLFC1DGCEL8OJ6GU6tH4XL5OPlGaiHZaKVr3Hp4zSkgTIFZYtBV5QBiJ9pAezKaBGzeEBk/V/p1EgQZZjbkoINGdHIA2PFLgs2UR48nW2TY2WtyWtkrclygCSy4GJ/L3YCQIIuEao61jGBdrk80WRjOswiy7LjfmAizGUZBJay0Ile67KmhweZHe/g2hvyk88YJcbnyjBIuSeOZMWHMLjwImbyEVVq1y4jcyL7WFkhaupBjv836jC2QdcA/n68SoLBJtIhhmSI6m5dQ0dO8zfI4qee1QauGQgKM590ZPtbbD6kUpQKa9fwEMqpXhhitMWTBIMGZuceQxGT7g/2ko33MKIOykGQvGat450BCGdAgLIoHYd5q3svrY8crHaVsGgJGk4GoVxO01SlqHX1ObqTW99J6fbxQbCwuQgNmgXVQUbtmbf7TQ9e44XO3hnBCZrxcb9GrgYaguD64XjvDDIbDAtcVRpXWc77xs7Yf875WWV9bX6iserj9hJpaU2K7Nqv8uL4QoFuGjJnB4onQztY1m4o3VxdECwSgK0i6Qgi724XWd4loKhIXCCGsnnh6JdE/ci8Yrj9mgbH20swhJLEeiDVbBSIogA5+eyCy741kpb687Eg8WwzmFUf3f+0nAAAA//9qG30DAAAABklEQVQDALDeOeMbgAO2AAAAAElFTkSuQmCC"
NotebookLM,https://notebooklm.google.com/?pli=1,notebooklm.google.com,uncategorized,2025-05-21T12:57:59,"data:image/png;base64,iVBORw0KGgoAAAANSUhEUgAAABAAAAAQCAYAAAAf8/9hAAACYElEQVR4nGyTsYtaQRDGZ98zHnLHHeSuEIJFzuKKNHfFgXhBiMQiQSGQFCmChWARRP8CY2FABAuLQCwsbYRIIIIklSgJNhrFeJYSr0g0WIkYIVE33zz3JXJk4cfbN7szOzP7rYX+DQEksIHH4D64BdbgK3gH3l/ba0y2DU9BHNwRQhDDY73mGLQCn8AL8BFovCS2nNnxJe/UNA0+a7m1JrWNkZ1+gWfgDW81M3jCBpy4lNLITHc4HHR2dkbz+ZxarZaYTqe8sAQW8BO4wCUHuAma4DantL+/r2cyGXlyckL9fl8cHR2R0+mUpVKJ0uk0l7XCIRzkA3jIAZ6D17ywt7enlctlMZlMqFgs0mg0omazSTs7O/wvx+OxCIfDknuDINyYC67Jy+XBIGOxGHk8Hmmz2cjr9VI0GqVer0cul4sCgYA4Pz+Xfr/fcOaewPeeUB29QNR1p9PR+bRcLkfdbpfq9Tq53W4qFArk8/k4OAeWwWBwqeu6ZbVaveIov7lrVquVDg8PyW630+npKcXjcapUKtRoNCibzVIkEqF2u03okdF1OBtfDvDdEIIQcnd3VyYSCRkKhYwTZ7MZJZNJqlardHx8TAcHB5IzVH48rnhSZX+UJGq1GuXzeTJVlkql/p44HA7lYrEQg8HAFB5faZUnvKMNnKhrCbFYpBKDCsxNYyEJFhe+S6R/Q0n7kSkkn7pXU7IW+v/gflnBDyWkoa7q4by+Af+W88qUsUJXTGjz2L5whrpa1FQZfKUO2rxCq7KbsHzfghD4rGxSbKVnvC41vwseALtq1hUog8vre/8AAAD//+d1VmwAAAAGSURBVAMAlg3qcNIFLB8AAAAASUVORK5CYII="
▶️ n8n ELT+1,https://n8n.dept-of-ai.com/workflow/nqat0BHBjDlJTkYI,n8n.dept-of-ai.com,uncategorized,2025-05-21T13:38:39,"data:image/png;base64,iVBORw0KGgoAAAANSUhEUgAAABAAAAAQCAYAAAAf8/9hAAABdUlEQVR4nMRTzyuEURS9532fkR/JwjAUJaWwtFFK2TGSUrOwIKWk2EyyIo2VhYxfJbFkNyULGn+AjTLFQmExkTJjGDXMjPnxfe96M8VCakxTnN7m3fvu6ZzzujoVCJ0KxN8TsMslQqexRmhJYS0J+PGrIYdDi8SbKmAkkbBwl5AYJQarc5BTAbePFz3HyqZYJDtZRwqSWgm8ZDJFBWhYD9mdPSSol5gvrMH47lNNaRsDIwDdGYjtPJplTUJQp4CYM1J4gUV2E9OQGpYgeBHqc54wYQvEA0x0rzy1ANhnpg71JilJVCiyy+pD9+JnBmHfW7Mh03pNMHGdV4gh+4wtfBZpgGlc2bwbr5kaviwQnVsDsb3vFkTGAmhe9dcZNAEmS0ZpqpRm6z0r7zl/IRuirXySiQfV1S+FtqCZ0m1I6aw9Xr0VuQjg205XHbnXCOaYUiWENJdV+SaRqAxm+5QHHvqnqzQYdShO+6s9m9G8CX7C/y/TBwAAAP//Ef/VKQAAAAZJREFUAwBQnZkGwUTbCQAAAABJRU5ErkJggg=="
Kolbotn vær,file:///Users/eivind.throndsen@m10s.io/Documents/scripts/kolbotn.html?zoom=2,,communication,2025-05-25T12:44:50,"data:image/png;base64,iVBORw0KGgoAAAANSUhEUgAAABAAAAAQCAYAAAAf8/9hAAACwUlEQVR4nJxTPUwUURD+Zt7bhUO4Q9CosfAnameiFv4lKiZGElotLChMJBFNjBUJrYmJWFhYKGhiR2JltNEQQgGFohbGUIAGRYMNioAcHHB7b984bw+NtbvFTnbme/N9M9+zyB4hgCQLBxdOwdNlgE+BsKWaxnfAj4DlAc5uHPkXQ/jz9M/lsdn2gPgSojiGSxTjqzlmwMZAJUkg/hFmXTfam4shRdlJL+YbYOwTNOTPYLko+ivV/wYU0hKKNKRUE0bq84Sl4hBSdw5tTUucUWfTg3oFF4vaQV+IrbKUAAwfeOetOM1pDYVGAZNJGJg/AY6GcoZMmnpKvGcwSR2BnCpItO+2HGN7LUs5Ffq4Ij4RCrRS+MoZCzKdMHH8eD+70QXHtyfLEsWg54fq8PBbguk1j6cH61BviCKGTJSELoyt+vG1KGbxnSoBLXAV2ZNjbopUrXapeMHOWkZzTOjaVYPxZY/jo8s4/bpEVktu7a1hVCpBYItVMlsldRQ6HSkYYj1kh1IuRDp01V6nLV4uOLyf1bka4N2io30bNFCMGNoaDsw2enOqjGcHcvjU0gBlioKtDm9JcRe3xzi20QY8jjQadIyXgzcQ6LMnzCC28moulaNvVuTOlzKuTaxhpiww6y7REFMrKU42Wdz4nEj/Vx1jbSQBG5oNw0Sk4vxUyePeVCKtm2ymf+inw26VM6jfjrcruDudyPUdMQ5vMl4UoIyGdd9pnzrsvBDrAFKxEXiuAmkfW6VJ5d+7vgnOsXR9WKUfiTY2yk1dqZvuq5Ic+HUf+cIVdVgwktVNsDooRICr+lUF61Dg4dROjYUYpcVetDZe5WyEPu3O7NmQj0MhR+zYVqfLOszAVU9xIWeaCzGVgpUVI8o7s3KbXoxZ9fZSsVdbVXxUYz1xdk+8FkmI4xobcmmx2CuhNmDo7238/+v8GwAA//8ijADWAAAABklEQVQDAI5DXNUpj638AAAAAElFTkSuQmCC"
NotebookLM,https://notebooklm.google.com/,notebooklm.google.com,uncategorized,2025-05-21T13:39:07,"data:image/png;base64,iVBORw0KGgoAAAANSUhEUgAAABAAAAAQCAYAAAAf8/9hAAACYElEQVR4nGyTsYtaQRDGZ98zHnLHHeSuEIJFzuKKNHfFgXhBiMQiQSGQFCmChWARRP8CY2FABAuLQCwsbYRIIIIklSgJNhrFeJYSr0g0WIkYIVE33zz3JXJk4cfbN7szOzP7rYX+DQEksIHH4D64BdbgK3gH3l/ba0y2DU9BHNwRQhDDY73mGLQCn8AL8BFovCS2nNnxJe/UNA0+a7m1JrWNkZ1+gWfgDW81M3jCBpy4lNLITHc4HHR2dkbz+ZxarZaYTqe8sAQW8BO4wCUHuAma4DantL+/r2cyGXlyckL9fl8cHR2R0+mUpVKJ0uk0l7XCIRzkA3jIAZ6D17ywt7enlctlMZlMqFgs0mg0omazSTs7O/wvx+OxCIfDknuDINyYC67Jy+XBIGOxGHk8Hmmz2cjr9VI0GqVer0cul4sCgYA4Pz+Xfr/fcOaewPeeUB29QNR1p9PR+bRcLkfdbpfq9Tq53W4qFArk8/k4OAeWwWBwqeu6ZbVaveIov7lrVquVDg8PyW630+npKcXjcapUKtRoNCibzVIkEqF2u03okdF1OBtfDvDdEIIQcnd3VyYSCRkKhYwTZ7MZJZNJqlardHx8TAcHB5IzVH48rnhSZX+UJGq1GuXzeTJVlkql/p44HA7lYrEQg8HAFB5faZUnvKMNnKhrCbFYpBKDCsxNYyEJFhe+S6R/Q0n7kSkkn7pXU7IW+v/gflnBDyWkoa7q4by+Af+W88qUsUJXTGjz2L5whrpa1FQZfKUO2rxCq7KbsHzfghD4rGxSbKVnvC41vwseALtq1hUog8vre/8AAAD//+d1VmwAAAAGSURBVAMAlg3qcNIFLB8AAAAASUVORK5CYII="
dAI Drive,https://drive.google.com/drive/u/0/folders/0AIqHhKZgTGh9Uk9PVA,drive.google.com,work-productivity,2025-05-13T10:56:09,"data:image/png;base64,iVBORw0KGgoAAAANSUhEUgAAABAAAAAQCAYAAAAf8/9hAAACvklEQVR4nIxTTUhUURQ+59z73jQzjUNjpVZDWCIVaJG1EAtBpDaBtVAyaiFCQbSJEJIgpyhy0SqIcNXGpF8ohIJIoUUbEykjyYVUYtgijUZH5827957uGy2DNDrvXe653HvO933ncAj+NoQVjJe5k8sEc/nN+n3p6cxRo400DBgLsXer7EM3NqUH/oWW96vuHt4CIN5OffsezaXn4YdxoLFkGrpKR6aUMpWRAzC5+JiDnX6HpxbQWcNVJ+pGY9FwNpc1fkx5ftvaT1l3NRcSi458YGoJGBfFof14d8+ROnLFC1DGCEL8OJ6GU6tH4XL5OPlGaiHZaKVr3Hp4zSkgTIFZYtBV5QBiJ9pAezKaBGzeEBk/V/p1EgQZZjbkoINGdHIA2PFLgs2UR48nW2TY2WtyWtkrclygCSy4GJ/L3YCQIIuEao61jGBdrk80WRjOswiy7LjfmAizGUZBJay0Ile67KmhweZHe/g2hvyk88YJcbnyjBIuSeOZMWHMLjwImbyEVVq1y4jcyL7WFkhaupBjv836jC2QdcA/n68SoLBJtIhhmSI6m5dQ0dO8zfI4qee1QauGQgKM590ZPtbbD6kUpQKa9fwEMqpXhhitMWTBIMGZuceQxGT7g/2ko33MKIOykGQvGat450BCGdAgLIoHYd5q3svrY8crHaVsGgJGk4GoVxO01SlqHX1ObqTW99J6fbxQbCwuQgNmgXVQUbtmbf7TQ9e44XO3hnBCZrxcb9GrgYaguD64XjvDDIbDAtcVRpXWc77xs7Yf875WWV9bX6iserj9hJpaU2K7Nqv8uL4QoFuGjJnB4onQztY1m4o3VxdECwSgK0i6Qgi724XWd4loKhIXCCGsnnh6JdE/ci8Yrj9mgbH20swhJLEeiDVbBSIogA5+eyCy741kpb687Eg8WwzmFUf3f+0nAAAA//9qG30DAAAABklEQVQDALDeOeMbgAO2AAAAAElFTkSuQmCC"
Free Teleprompter Software [Voice Activated] Updated 2024,https://telepromptermirror.com/telepromptersoftware.htm,telepromptermirror.com,uncategorized,2025-10-03T12:06:42,"data:image/png;base64,iVBORw0KGgoAAAANSUhEUgAAABAAAAAQCAYAAAAf8/9hAAAAXklEQVR4nOSSwQkAIQwEc7KVXCFX1BViURZiK4oPQVZFYvw5DxGSbMImECMoz+djkg3C/z4QI2DF+uepZjHzBG7UYUWbC20xi5w18VKBzv3VWfPGnKZ4lKPeP2P2IAMAAP//iHP0HwAAAAZJREFUAwA7DRrl+d1rsQAAAABJRU5ErkJggg=="
Foundation,https://docs.google.com/presentation/d/1olIfBhA7kNbGhkVCGbPeDCpJOy5uoOSENdbdWP3lXVM/edit#slide=id.g28c45093ffa_7_78,docs.google.com,work-productivity,2025-01-10T13:49:19,"data:image/png;base64,iVBORw0KGgoAAAANSUhEUgAAABAAAAAQCAYAAAAf8/9hAAAAb0lEQVR4nOzRsQ2AIBBA0X9KZ+MI7uMQzuAGuoHDaBxHRqDQ2GgQCk0sgcbCl5BAwYfk1D7THCeDQEkYned0so4s7lARx6iEy16pSPQEitoSYpvkHUj+wR/4QuCea3QgVuaWIZ7OEFq/IZD1Dwv9BQAA//9nkBR+AAAABklEQVQDACBhFEwOgb+pAAAAAElFTkSuQmCC"
Zendesk,https://m10s-customer-operations.zendesk.com/explore/studio#/dashboards/4FE42A117B9C2DC4968D2F0FAB4ED05105AE3D51F59C180BC5C3C422E150EC85,m10s-customer-operations.zendesk.com,uncategorized,2025-04-30T12:40:46,"data:image/png;base64,iVBORw0KGgoAAAANSUhEUgAAABAAAAAQCAYAAAAf8/9hAAACCklEQVR4nKRST2sTURCfN2/zZzfG1D8R6UF7ERWMBW2E1lZQ8CLqrYeK1yoK+gHqwQUPgl9AwUP1IGJyEE2LUCselKJERbRHP4DQg6Dt2mz2zThv05psNIJ02H28fTvz+zPzEP4/dM+Pf8bh4RJs2RzB0lKwdqLsgj3SVTcJapzEwo43cGT09No527xeANy9J1KBQr0HQdV0eewJDI0csP/+CrDv/vw2YFYJqaiQmYy8AWt9FtH5jENjU90Aqr9W87Kuelaqzh1qeb+ALQVMokWJCg9MFCqm20ThTBvA9+2ei0HmSqpYLCOra53IqMBViKKCZ4iiY6b++jJ8ePspIXP/gxe7Mmn1UfTmJNlprjbOLE6cnI07WR6ZlLVp6q/urWO2e+D7FoBTaG6g6/ZxFFqx1vfNgemXWUtg6gt3u4qpBWCl+z4NVp6P6kz6HAWBkeE4FK4ax/NKBY8vxZMYH9fQHjtBBxJApaIVwy3QjmZpvzziFZDCkJTiqb0P5/qhWo0Zu5oOMfvBaOt5dHPD1PgZxaqkSklw1CT03O1Zpa7HxS2rybENTD/uK+Ty7zGV3k3NkCF5Oy2QaNEkbTm6OHH83brl3wCDj+bv6Hz+oglWxLqQQ5KEjQGd2wTR8veFla/hiS9XT4WdVhwCesrB8izJgJH4D4lGuOjHNzGGmN7ppuSokbAAG4xfAAAA//9fHo93AAAABklEQVQDALDs0j3gjue8AAAAAElFTkSuQmCC"
AI Academy - Deep Learning spring course 2025 - Google Drive,https://drive.google.com/drive/folders/1OFDK6myZGFuWpRUFqDV4jnRgGXTIu0Xk,drive.google.com,work-productivity,2025-04-24T12:05:03,"data:image/png;base64,iVBORw0KGgoAAAANSUhEUgAAABAAAAAQCAYAAAAf8/9hAAACwElEQVR4nKRTTUhUURQ+59z3MzO+mZzRWaQMA7mwJGxatNGEoh8KIqIyBHURrdoKZUTQ2KIfahO0sk0/i8R+wNoFkpuECiQpgqQkrETMxTg6znvvvntvd8axJrJVBw5c7jvf+c73vXMJ/g6Ef4Ra55uxDli13Dmwp+DxLunyMiAcInWrZnoIe2ZG12qqAX+cW4YPpRwz8i6Xz8f4UhEWwYIj0RwMJiby83nRurEbZirF5Sb0C55d7RxG+xIyitWQ5Qau8B3X988bH11miFhdGAbKwOxvYqqASafMPD7azgzWExR8YVuGzZ2YdTo2azXZ+ZC7BMJg0KNGoB11rcquYqnKITQlXdEnplMqxpQTj8ydSnyb0zdSU0pEYIGEq0pVT1Bh3/7oeC/ZrEN4QVCSaIQZ5Vn0THKpOAARIA1G7kJgWLBTjEDv2hSlTrhpeG8sQbWTiJiSvhBkMROUevvm/dYdajaLwUF4TQSZwANumOUJvxKHbXAC8iUJKk51fcy20hos9VBMmwiSQT9kswEOahDCOdB32nbGfZBkQ1ovQF/JUGwdPtxsMzWuBNaClILChhn4cmiic6QbsgNGp2Z4mL0o1ZMN9yG03OUXdUNSTDfIkVRtmLr8qoO480JyrhWU+TEdSk1ZFFsUeg5D8xbQkk3+dPTmh2PNkguldJ3NSBlWcTfLj97+bmdqMogbt7jLtohjkuJhp15raSTABgmsIax44yezvr52rgiZL2OSeAPjC+pp7Nnkde0BCrIXLgAUvJAlKOkowYMiF95KIHgxkH4h8Hw3iHsr/O7mk+JHIkUGLXpeVGkMai2gaPll7bzd1m+mk3W7HMsiYBZjpk1kWuVEM0Q2IVuIRMgMpbHj870b0bGpB9pUqixESRWq/df4Pq5kXMsW+rdVvRPthmR6fXzmkZMbP4vPSy8TV4H/Fz8BAAD//1ZN9ecAAAAGSURBVAMAF8MkTRHA8NoAAAAASUVORK5CYII="
m10s Okta,https://m10s.okta.com/app/UserHome?session_hint=AUTHENTICATED,m10s.okta.com,uncategorized,2025-04-15T16:38:28,"data:image/png;base64,iVBORw0KGgoAAAANSUhEUgAAABAAAAAQCAYAAAAf8/9hAAACEElEQVR4nHRTPUgcQRT+ZnbvDj2bI3BFcomSQP4IKZREkiIhXplUIQQUA4FUgUCaQCTXCBIhSZEiIaQRCwsbbcTGwuMKFfxDRMHGxj/Ef1RO8W5vx2929+7m0HvL2337zXtv3nvzjQ1THn6Jwgm/hFKvAdFMJBGsrFOniPchGkljtvOkGCJKwQ9S11FQHbRaqTFcLnuMGETO6cLyT50UlgffTl0D1F9a7dQaVJdaaiMseQvxpxPYGT+00NRZC6fQzcxtFRUBWeoGkQN+bWrEqPoOICOoT2YksmcthN4YwS51lBW1wxLP4Yhn7L2Nmg7WiklacZp7ZUOId/y5UtpXqQyE/ICl7hWjmg3cSy1wsYd2MsBietiSxmPD8Zj6G0vfVy5072HenLJlUDTrBInyP3bgyjlUE0vO8r1tIAlZ4aCYwnasqglkXnuoCgg+SYoSh5KNVRPkQ48YHjeQNSZQkwYQZR+fOLD6C8F3Oxro+5lWnYFOC9z/9pZZ/6PMPtc/CfxBqDADNyRQcJu8xMCLoGote/R7b6MmPIyTXD+Bj/DPV/JoW6BPx7G36URMxP3qSqL4DOh7YWEzkyctFxl3Ex7DSoQKB1XFArscDAzBFV+x2LXvT5ycxtUnYxyg7q8BPucvE03rXjI0RV4Yl0nL1vgRbiTTvGnzbMEOSq6DT99VbjzCXX8hnPuHhR+7xbBzAAAA///iqZUFAAAABklEQVQDABEknSsJ0Li/AAAAAElFTkSuQmCC"
m10s - Logg inn,https://m10s.okta.com/app/m10s_sana_1/exklu0vsawvAip3Ar417/sso/saml?RelayState=eyJwYXRoIjoiLyJ9&SAMLRequest=lZJPT%2BMwEMW%2FSuR74rg0gVptpSwVohK7W9HCYS%2FVJJmChf9kPU4p3x43ZbVwAAnJB%2Bt53vj97JkSGN3Jqg%2BP9hb%2F9kghORhtSQ4HM9Z7Kx2QImnBIMnQyHX180aOslx23gXXOM3eWb52ABH6oJxlyXIxY9uymJR5UV6kTbnL0%2FHuok1raOsU6rqYQHsmzicFS%2B7RU%2FTMWGwRjUQ9Li0FsCFK%2BahI83FcGyHkqJQj8Ycli8ihLITB9RhCR5JzI3LK3FOArHGGQ9cNypbAwlZwPDzpPt8TPO8r1Z1VfizOOZHjRyqWrN5YfyjbKvvwNWZ9KiJ5vdms0tXv9YYl1T%2F0S2epN%2BjX6Peqwbvbm%2F8RNYK30amhzo65MlD8kHoEHZRBDvGbhjwcGmLz6XErh%2Ffw82%2B3MBighQBT%2Fr7N9DQQvyLTcrFyWjUvyZXzBsLnyCITg6LadDeUyt5Sh43aKWwjudbu%2BTImCDhjwffIEj4%2F3fpx8uav,m10s.okta.com,uncategorized,2025-04-04T13:26:30,"data:image/png;base64,iVBORw0KGgoAAAANSUhEUgAAABAAAAAQCAYAAAAf8/9hAAACEElEQVR4nHRTPUgcQRT+ZnbvDj2bI3BFcomSQP4IKZREkiIhXplUIQQUA4FUgUCaQCTXCBIhSZEiIaQRCwsbbcTGwuMKFfxDRMHGxj/Ef1RO8W5vx2929+7m0HvL2337zXtv3nvzjQ1THn6Jwgm/hFKvAdFMJBGsrFOniPchGkljtvOkGCJKwQ9S11FQHbRaqTFcLnuMGETO6cLyT50UlgffTl0D1F9a7dQaVJdaaiMseQvxpxPYGT+00NRZC6fQzcxtFRUBWeoGkQN+bWrEqPoOICOoT2YksmcthN4YwS51lBW1wxLP4Yhn7L2Nmg7WiklacZp7ZUOId/y5UtpXqQyE/ICl7hWjmg3cSy1wsYd2MsBietiSxmPD8Zj6G0vfVy5072HenLJlUDTrBInyP3bgyjlUE0vO8r1tIAlZ4aCYwnasqglkXnuoCgg+SYoSh5KNVRPkQ48YHjeQNSZQkwYQZR+fOLD6C8F3Oxro+5lWnYFOC9z/9pZZ/6PMPtc/CfxBqDADNyRQcJu8xMCLoGote/R7b6MmPIyTXD+Bj/DPV/JoW6BPx7G36URMxP3qSqL4DOh7YWEzkyctFxl3Ex7DSoQKB1XFArscDAzBFV+x2LXvT5ycxtUnYxyg7q8BPucvE03rXjI0RV4Yl0nL1vgRbiTTvGnzbMEOSq6DT99VbjzCXX8hnPuHhR+7xbBzAAAA///iqZUFAAAABklEQVQDABEknSsJ0Li/AAAAAElFTkSuQmCC"
Tana,https://app.tana.inc/welcome/app?ampDeviceId=b3a9c278-4177-4444-968a-345e3f6d3744&wsid=bkVkyeGImOC-,app.tana.inc,uncategorized,2025-03-04T18:25:59,"data:image/png;base64,iVBORw0KGgoAAAANSUhEUgAAABAAAAAQCAYAAAAf8/9hAAACC0lEQVR4nKRTvW4TQRD+dvZs39myZBskkF0l8QPkGSzxI54BKUI8AQU0QIlIRxWKhBSIVCg1LhAIyWl4BpQiNpYgse9wsOzznW+XnfWd41AmK512d2a+mW++2XNwzeWsnEW1evuBJr0hlFJsICLBu7lq3jUblDgOgl+f+GpBKThfvXFrnwQ9vEgnIImQJoDWeulSWh0Ew9+PzTGSbKhWb94nym2boIQ/YqA5jMdjHcexzufzjNYmUWKZCbnpFgrfw3Dyw1lQlRvsNxhmKcMwtMxarRam0yk6nSMUix5yuRx3p4TQaoFJNWAjSRK8kiRBvV4XjUYDBx/eW8p77/axu7uHwWCgHccR3J/KdMr6Yn1msxnW19fEUecbtl+/Qrvdhud5ePb0CQ4PP6JSqYj5fA4udGkKmdrcexjO0O3+xOnpGWq1Gnzfx0m3iz9BAKMHFli9xCzHyIyMWOj3+7hz9x6azSa+fvmMXq+Hra1HGA59sIZcZHUilM2ZM3MSIxS4lSiKMJlMLIDvcRxBSmnBaay+pAHPjR3pJGxQuVyG67qZRtaXtqD/14CMif3sEIaFZurPX7zE+flfjEYjW31RxqbhIrQyxuSYpJ0jexOzE7ezs/PWMimVShlYsc/UIMawzaY1L+rE9Ypr5ilvmgDJQbw8r0iuW6C0Vcp89in7Z2+MLREXGlzvZ7ry+gcAAP//PmOZgQAAAAZJREFUAwA/gxid8fxR4AAAAABJRU5ErkJggg=="
Declinosaurus,https://chatgpt.com/g/g-67d1aac3c3ac8191bf7118704b96b36f-declinosaurus-your-friendly-calendar-coach,chatgpt.com,tools-utilities,2025-03-17T12:16:05,"data:image/png;base64,iVBORw0KGgoAAAANSUhEUgAAABAAAAAQCAYAAAAf8/9hAAACuElEQVR4nGxTS0hbQRQ9MzFJLVboShFaUFFBUl2kbkKs26gLNwFd6aIElH6UrEShpbRQVzZS0NKN6KJgqzZUhEKxEkhAF342ggsFbVGQLEJIkGCTNz33JQH7GTi8mTvvnnvuZzT+XV7ivdb6mLhUSl3yfEy8K939sdS1vYN4RTwlbv6HGEJoWdYbbp8RVtlJE07iIxGSPaPmu7u70dbWhouLC+RyOUN7wRjj5t0D7u8RUSERArl8TTwkrtxut5qZmXFkMhlUVlZidnYWTU1Nqq+vT2zW6enpL/7nIdzEN0nhPhEnKiSlyclJzahmd3dXDQ0NYXNzE+fn56LETExMqPn5eWtra8uISiryi4KXPHQ4nU6LP+hgMIjFxUU1MjKC1dVV1NfXo6urCzU1Ners7My0tLSoRCJhORwOFwkqNJ39Rqj8fk2Jam5uTlVXV4OpQMj6+/txcHAARkUgEFCNjY2iWosPv34huCvSa2tr1fb2tqESNDc3I5lMIhwOo7OzEwMDAxgeHsbY2BgKhYJhcRW7QVd1RxeJgMPDQzva+vq6TcDCIZvNoqqqCvv7+9jZ2UFvby8WFhbQ2tpanAEuIfjB/pq9vT3DqqtIJGLnvrS0hFgshunpadTV1eHo6Eiig6kqFlWiGttXOiBM0tOTkxOzsbFhvF4venp6sLy8jJWVFaRSKaTTaYyOjhoqMvF43NZPgpg4dnCf4EG3t7er8fFxTRUmn8+rhoYGeDwesHWSnrROTU1NWUVfI5PoK4/yWxof03jl8/kqBgcHNfM3UsBoNGrXgWmoUChkMQ3pv4s+MtJhVRplMXwmSaBU1LzYXS6XklQk97W1tUJp2GR9IYIy3tcfk5A8Z0GfkOQWilXCXytLRIgXpSD2Y7I7ImzEdzp9LZ1vEzdImKeyn7R/4vkR8aH8EmX9BgAA//8QHr6gAAAABklEQVQDAOYlNytHS6j1AAAAAElFTkSuQmCC"
Contact reduction data,https://drive.google.com/drive/folders/1nAfzD50w_YM7oDi-L8ZX-DWfotqSz7Mc,drive.google.com,work-productivity,2025-03-05T13:57:40,"data:image/png;base64,iVBORw0KGgoAAAANSUhEUgAAABAAAAAQCAYAAAAf8/9hAAACwElEQVR4nKRTTUhUURQ+59z3MzO+mZzRWaQMA7mwJGxatNGEoh8KIqIyBHURrdoKZUTQ2KIfahO0sk0/i8R+wNoFkpuECiQpgqQkrETMxTg6znvvvntvd8axJrJVBw5c7jvf+c73vXMJ/g6Ef4Ra55uxDli13Dmwp+DxLunyMiAcInWrZnoIe2ZG12qqAX+cW4YPpRwz8i6Xz8f4UhEWwYIj0RwMJiby83nRurEbZirF5Sb0C55d7RxG+xIyitWQ5Qau8B3X988bH11miFhdGAbKwOxvYqqASafMPD7azgzWExR8YVuGzZ2YdTo2azXZ+ZC7BMJg0KNGoB11rcquYqnKITQlXdEnplMqxpQTj8ydSnyb0zdSU0pEYIGEq0pVT1Bh3/7oeC/ZrEN4QVCSaIQZ5Vn0THKpOAARIA1G7kJgWLBTjEDv2hSlTrhpeG8sQbWTiJiSvhBkMROUevvm/dYdajaLwUF4TQSZwANumOUJvxKHbXAC8iUJKk51fcy20hos9VBMmwiSQT9kswEOahDCOdB32nbGfZBkQ1ovQF/JUGwdPtxsMzWuBNaClILChhn4cmiic6QbsgNGp2Z4mL0o1ZMN9yG03OUXdUNSTDfIkVRtmLr8qoO480JyrhWU+TEdSk1ZFFsUeg5D8xbQkk3+dPTmh2PNkguldJ3NSBlWcTfLj97+bmdqMogbt7jLtohjkuJhp15raSTABgmsIax44yezvr52rgiZL2OSeAPjC+pp7Nnkde0BCrIXLgAUvJAlKOkowYMiF95KIHgxkH4h8Hw3iHsr/O7mk+JHIkUGLXpeVGkMai2gaPll7bzd1m+mk3W7HMsiYBZjpk1kWuVEM0Q2IVuIRMgMpbHj870b0bGpB9pUqixESRWq/df4Pq5kXMsW+rdVvRPthmR6fXzmkZMbP4vPSy8TV4H/Fz8BAAD//1ZN9ecAAAAGSURBVAMAF8MkTRHA8NoAAAAASUVORK5CYII="
Jupyter,http://localhost:8888/tree,localhost:8888,uncategorized,2025-03-06T10:36:36,"data:image/png;base64,iVBORw0KGgoAAAANSUhEUgAAABAAAAAQCAYAAAAf8/9hAAABJUlEQVR4nMxTQUsCURCeebsQ5iYFBR4KgiQWD506R8eQ8Nipc/2BSEGPBdo/qFOHTh0lpGN09iyLePAoKCL6UAT3jbPqiqx7WFkPfjC8Gd7MN/PezOhEhODBIJeMK2VfEeCpYyNQQwjtf/e12vT64jJB7zmZEMIusJpm0T2+Y5aSUlo29latrxD0s2aaM32xarh8LO25fsgSm+uSK7vfK1ilBYHMmNdc5w8A/fL57Veu+ywguGMzBYQpo2j9IT1dRKU2+gBSL0axZkEAyMy5CSjyhr3zgIPc2Umktd+E98oY1sHjpT486sbRrwvrQIeQ2AKCYT5xHOYTRWQU7cgD+TltTUA4vk6ME7s0SFTmu3KwQcIbPm9ng7SJUXazhFomv3KDrPMEAAD//8vEK2AAAAAGSURBVAMA5lOnuXh3xGUAAAAASUVORK5CYII="
Ebba / Eivind 1:1 - Google Docs,https://docs.google.com/document/d/1N1RedwwjfH5aqtUc4_aNaFhKGNPVRdPC8WsY0K7Qnw8/edit?tab=t.0,docs.google.com,work-productivity,2025-02-18T10:54:38,"data:image/png;base64,iVBORw0KGgoAAAANSUhEUgAAABAAAAAQCAYAAAAf8/9hAAAAb0lEQVR4nOyTuw2AMAxEL5Y7mswELMIK0NGTko2YiRSh5VtENEFgFzQ5yZJd3NPpJHPtQrNuGAFYfJMng9aUQ5gF5ghhhfmU5fs19cUrV+WWuDOU4hRZBFAnyB2kO3hK9n8HdIyHXJ6ITCeEXO+8AwAA///6PvSSAAAABklEQVQDAH1XHQpZfa4YAAAAAElFTkSuQmCC"
Genially,https://app.genially.com/teams/6336a606d1c2580011c211de/analytics/67594456cbeca466277de02b?analytic_tab=genially_analytics,app.genially.com,tools-utilities,2025-02-04T13:27:13,"data:image/png;base64,iVBORw0KGgoAAAANSUhEUgAAABAAAAAQCAYAAAAf8/9hAAADlElEQVR4nFRTfWwTZRx+3rtrb71+15XdRv1YwggBt/4zGcomk8SBsGT80xm1OFE0y4gLRid+EV2IzgQ14JK54R+KBKNTY0Bwf0wzp6Iygo5YUWm3xcVh125Xetfe7qPX87qEBX7Jm7x53/ye38fzPAxuiHj8AZYVqGZH3uhwqEYTbZp86d3UmKSR4X4sZrjjnhn/GOnvV6/nkOuXiZkI79bMlzhFj+opzf9vQsXVZMHKBkJOB2pYD9xL7oyRcZygc1yfa+BwcgVgIvUYTxFlkJGMtvPfSPjo5DX8fkWHScpAUQR0UUO4gkXnhiq0eKtAidwpWrF1uj57LUliZsSeE+yHTcPs/uIDAYNH0lhdVY090Vbc01AH1m7HpVgcvX3HIC4s4OX1NXiqco0FSr3rIeihRIHdStOI/jSex3tHF9BQvxFnht/BvicjoAgFKZfH+nXV8PvdkFQdfZenMJpKW38kKgJbGRBqtygZgU+s6j5XEG+/sR+mNXd7xwsYP/crDMNAGWu3gGTAqpTVdQzNzqDRHww4adujlEQ8TX9OM4hNytixfTPW1dyB3jeHMDLyPWR5CaqiIpsRUSwWsYxsnd/ELGKyAY04G6lrpo+fnrNBkU3UbViDRSGLc79csqpRy+xsaarHgecex6pgAAG/F6sqyiEWdCQUAon4eUYwfcgVpRJb0HUDNEPDZmOW6SMWSMfDrYi278Af1uxtO5vhtCh9oqsXMjiIxAdKKHqTdGUFbJwNExdj8Hlc2LmtsSQfmIUC+oc+xd7uQzCs1ttatyCXl2EDA48jBBG+JF3/zEN3EZezdu7iHC6fj2PTxlpEdt2PJUVDMp2BYM3vdnF4/WAXOK4Mz796FJ68G9tub4FJOc6Snqsfb7e2e3Lq20TgzLNfYe1tt6L/rQPY3BDGfFqApumo5Msxn1pEz8EjGDn7M/aH92JTMCxYi32Ebtnz4KxWVuS9oVsaGLsbk6OTOH16DH8l/oGiWnL+L43hL0fxyqEBXLhwBbvCEdwbuhu2It5XTfuxZSn3pIZ5I88O6pK7bWpsFpOfj2P+7wQMTQEhlpQZFqsr16K5rhX1wVp45MIph1robP/wzuSKmbpiYzzRHC8asm/3UsruX5zOIme1XYqAsxwhrgLlOpNxSsqJsmyhb99AdfImN5bi6a/jrGZn7tPz3g5D8TTCpEt2NumCMe/MKT+4c+px3i58191ds2Ln/wEAAP//5trqTAAAAAZJREFUAwC61YXop8o0DwAAAABJRU5ErkJggg=="
n8n,https://vannman.app.n8n.cloud/home/workflows,vannman.app.n8n.cloud,uncategorized,2025-02-12T15:32:47,"data:image/png;base64,iVBORw0KGgoAAAANSUhEUgAAABAAAAAQCAYAAAAf8/9hAAABdUlEQVR4nMRTzyuEURS9532fkR/JwjAUJaWwtFFK2TGSUrOwIKWk2EyyIo2VhYxfJbFkNyULGn+AjTLFQmExkTJjGDXMjPnxfe96M8VCakxTnN7m3fvu6ZzzujoVCJ0KxN8TsMslQqexRmhJYS0J+PGrIYdDi8SbKmAkkbBwl5AYJQarc5BTAbePFz3HyqZYJDtZRwqSWgm8ZDJFBWhYD9mdPSSol5gvrMH47lNNaRsDIwDdGYjtPJplTUJQp4CYM1J4gUV2E9OQGpYgeBHqc54wYQvEA0x0rzy1ANhnpg71JilJVCiyy+pD9+JnBmHfW7Mh03pNMHGdV4gh+4wtfBZpgGlc2bwbr5kaviwQnVsDsb3vFkTGAmhe9dcZNAEmS0ZpqpRm6z0r7zl/IRuirXySiQfV1S+FtqCZ0m1I6aw9Xr0VuQjg205XHbnXCOaYUiWENJdV+SaRqAxm+5QHHvqnqzQYdShO+6s9m9G8CX7C/y/TBwAAAP//Ef/VKQAAAAZJREFUAwBQnZkGwUTbCQAAAABJRU5ErkJggg=="
Learning Lab,https://schibsted.sana.ai/,schibsted.sana.ai,uncategorized,2025-03-18T15:49:55,"data:image/png;base64,iVBORw0KGgoAAAANSUhEUgAAABAAAAAQCAYAAAAf8/9hAAAB0klEQVR4nKxTMU/CUBC+V9puDgYXYxxZANsQGmdGB38ACQMMshMmNv8Bf4A4sMAoiYOLCYSVkEAiCzBiiJo4MrSlz7vjShod9ZLv9d69d3ff3fUZcBAX8Yj4QOwQPkIjIoEW207u0F2HHBXiCvGMuICEKKVAa/1LT8gb4iaFywPCkwwqGcM0TW0YBkRRpIQFyDdAnCIuDVyuhaaFMCgbObuuC/P5XM1mM9YPRPiMfEzxuabNiRgBs2nLshRlbTQakM1mIZfLsU42OdPClH1NicbUkKrh+z5vRqMRFAoF1ofDIZUBcqYkO31N3hA3bJJGqqper8NkMoFutwuZTIYDrFYrqNVq4HkedDodKk3HPsfmID1YLBbsNJ1OoVwuw3q95gBk6/f7UCwWYblcQj6fhyAI+MyEPwqN8Z7o7Pd7PR6PVRiGMBgMuG7KnE6nuQSqf7PZQKvVgu12q2UkXIIvI4ziaZBUq1VoNpust9tt7klC4rs+LaEYeUS2bfPISqUSOI7DIJ1schaPkSQk5R1xJsZjc8mx1+vxrUqlQp2HROMjCfBJmyfErZRiJqLzr8xpwvDnr0ysbfL9l8dEz/MFcQ6HB5KSLKlE1rjZhC+5f4d4/QYAAP//m+RTJQAAAAZJREFUAwCeYsMxEadmAAAAAABJRU5ErkJggg=="
Nimway Maps,https://app.nimway.com/maps,app.nimway.com,uncategorized,2025-02-03T13:07:40,"data:image/png;base64,iVBORw0KGgoAAAANSUhEUgAAABAAAAAQCAYAAAAf8/9hAAAC8UlEQVR4nFxTXUgUURS+d+bO3JndUXe1gnoLJYUe+jMwMDRKbd2X/qyULMsUXE20CF97CyPSLNc0yUiw0lSMXGmTRbCgkAgC3woikKjAVXfG2fnZud2ZXFm9MMzce873zT3fdw4CGxekD8nxdeG8PLEVEnCa0D0BZHhy4V0HGBlJJHNSAWuL0G9ICqtuez3bsgY5we034opJzxlOkBg9Lo8punlpJtgop5IwG8ANQa9n65YxQfL4DVWJEM3MBRbJ01XlvShlnnJzaKS4psOzBobJGzhsfgqGPBrFUsYRTV4OJax45dSD5hU7qay1PxNZ1gtKXKIpy5G/CfXkp/8xyNoJNit2C+NJcDQWPR/pvRFLFvf942s1M6dkAiNzD80pxWZi7479xyd+zIV0WFwzILgy9DGX5PXF5aWQbBjn7DrLmx7lMyxbDSAkuqUPhrsCn4sD3ZKb58ZFyXtsNbY4+lsFlezu4vJbvOC+oqtyhP75zGxfq1zaHDyAEJpGHC5iEFsACanIPlgenu4O/Ny1z/fGtIxCXnCVuYChURFhi6mpqqoZdR+etMVsQRHDVCNO8Bg6PdVUjUXYyzLMWbucyZ5AVNP1OpPGqAVtlICY0PYAErzmLLUdxIhFEjDpMn1ZhKwrz0LC2ADHRgJgO4fdIubRMzvhRMuAh2HYw5SUZWgNHHbhhBH/YwIylHSL4/BjGhKABdpRaMFzx789mku5d9qMVLB+Mc1bRAV9Sy8zm7BMl6nrQ+Hupvl1q90Zh1Q5+nL16692mNrHvmu92Qix3wix5uUlLn/m6eV4MlZWey+Tk6RXjtXK8pSOhIrw3YsKSp0BaBkmAYxBt6IISRo9cwiONj7M4jk8zLvTnT5xrO6sV2wc3DxI/ubeoJjubYjHluYsCOoN3QAcx/WIkqdAS+mTZD5KIXBUVVb46wBG0+gwXTD1+BeMeYCwCOyazcWV2pnBm0rqMG3QIPU2/pa+JghhleMUAc8nO6/edyzeNM7/AAAA//9+r/ucAAAABklEQVQDAAaeXrX7t5aRAAAAAElFTkSuQmCC"
LaunchAgent troubleshooting tips,https://chatgpt.com/c/67a3345d-7bc8-800f-a71c-1390a01b08b7,chatgpt.com,tools-utilities,2025-02-14T10:10:50,"data:image/png;base64,iVBORw0KGgoAAAANSUhEUgAAABAAAAAQCAYAAAAf8/9hAAACuElEQVR4nGxTS0hbQRQ9MzFJLVboShFaUFFBUl2kbkKs26gLNwFd6aIElH6UrEShpbRQVzZS0NKN6KJgqzZUhEKxEkhAF342ggsFbVGQLEJIkGCTNz33JQH7GTi8mTvvnnvuZzT+XV7ivdb6mLhUSl3yfEy8K939sdS1vYN4RTwlbv6HGEJoWdYbbp8RVtlJE07iIxGSPaPmu7u70dbWhouLC+RyOUN7wRjj5t0D7u8RUSERArl8TTwkrtxut5qZmXFkMhlUVlZidnYWTU1Nqq+vT2zW6enpL/7nIdzEN0nhPhEnKiSlyclJzahmd3dXDQ0NYXNzE+fn56LETExMqPn5eWtra8uISiryi4KXPHQ4nU6LP+hgMIjFxUU1MjKC1dVV1NfXo6urCzU1Ners7My0tLSoRCJhORwOFwkqNJ39Rqj8fk2Jam5uTlVXV4OpQMj6+/txcHAARkUgEFCNjY2iWosPv34huCvSa2tr1fb2tqESNDc3I5lMIhwOo7OzEwMDAxgeHsbY2BgKhYJhcRW7QVd1RxeJgMPDQzva+vq6TcDCIZvNoqqqCvv7+9jZ2UFvby8WFhbQ2tpanAEuIfjB/pq9vT3DqqtIJGLnvrS0hFgshunpadTV1eHo6Eiig6kqFlWiGttXOiBM0tOTkxOzsbFhvF4venp6sLy8jJWVFaRSKaTTaYyOjhoqMvF43NZPgpg4dnCf4EG3t7er8fFxTRUmn8+rhoYGeDwesHWSnrROTU1NWUVfI5PoK4/yWxof03jl8/kqBgcHNfM3UsBoNGrXgWmoUChkMQ3pv4s+MtJhVRplMXwmSaBU1LzYXS6XklQk97W1tUJp2GR9IYIy3tcfk5A8Z0GfkOQWilXCXytLRIgXpSD2Y7I7ImzEdzp9LZ1vEzdImKeyn7R/4vkR8aH8EmX9BgAA//8QHr6gAAAABklEQVQDAOYlNytHS6j1AAAAAElFTkSuQmCC"
Viewfinder,https://cdw.schibsted.io/#/view/schibsted-account-kpis/schibsted%20account%20kpis,cdw.schibsted.io,uncategorized,2025-03-13T20:01:05,"data:image/png;base64,iVBORw0KGgoAAAANSUhEUgAAABAAAAAQCAYAAAAf8/9hAAAA+klEQVR4nJxTMQ7CMAy0UTa+wY6AmRW+wAtgRHSHgQe0YoQX8AVYYQWJnW+wYnIEIzdNJehJkU6R7+xzWne6P6ZMtKUIQjQbdto78FEuU2Gp1LDwzKXEvwKmfL4/xHZVrt0VmMIKlbvUyMC4kL41OCx4Z8y+Ji1KAOInycWe2FDRqhPH93UmjFcAwfhWfJh/DDdxRx74OFfdiYuXVZpmQ7U4ZmEnronYwnUn+QLkts8K+gO9Xnf5NvAfUg7ijfBUhd/DILVEQPMHsazDXQQUoLBOXL1PQE3sSYnfEZQgCmIYkyKVOSCMXzJQE+Uw08XazJUI/h/IqDF49QIAAP//TcVa2AAAAAZJREFUAwBSvntMqwfS2wAAAABJRU5ErkJggg=="
You.com | AI for workplace productivity,https://you.com/,you.com,uncategorized,2025-02-03T13:03:39,"data:image/png;base64,iVBORw0KGgoAAAANSUhEUgAAABAAAAAQCAYAAAAf8/9hAAAC3ElEQVR4nGxTS08UQRCu6u7p3WWBBVaR+Lh4EBPBCwcff8GExMTVmxCCPBLk4MnExGC8GogEUYEgiYlR98Yv8KYXT8TEEOMFREBW2N1h2Zmd7rJ6AD1IJZOe7v6+enxVrSA2wlwORD6Pxu1yQyunpErdt1b0AAGgtK+ttRP56dZv8X2O5CEWmSx4sW7T3b9xoi6pBwTCAIrU6aSuxJBqmARrq7/J0otKUJtcnDuxsR94jKFs12+vZhON6bsINOjpxjayFfhVCMxoX71w95Pzvj3e4kmUaYhqlTVL9onZ+DGbz3f4KjdYuKIT+pXyUu210IcwLEZKgCBCoSTCgUlrDRlTMgLVSa3rx6O2M0O3hgs9SiqaFVK3B9ViiAiK5ZDkGNJCQlPsQQhWAl21IIkiGwZF4+mGc2R3ZxSiuBDVylZK1AhIjrxXNXisGaGj3Yt5rVmBpbKBupTz7U5QkfGtVNip2C1ZC2K7SM5ACsLWYwJGetPQ0iTj/Ed661mHMmxtGzQGCeO8nPic783hgm1IA964VucuMJUEuHheQ1NGsPIE+yUgbBcNLH2NODtyexcM2UjBEUZA/50h4FFQUJKz9CsET+d3uRggJQmzXP9oXwN0deoY9HkpgKmFXdjcsmDs3xIcHlwGyClZJuFBDPJ3DU4t+DD+MBODeA7iIM1Ncr8t4BYePmYqS7ikdbqzFpZr7EK6fqVY7c2Cq7kW47e2iZozEoxxPYi1rnm6XjPnCytFA1FUXdaJjIfIIwRkXFjuDFYDIPdZ6xTgQyTDMUQi2aRNFCybCO+Id8+zn36ur3SFoX+Pg61p3aiE4BEkMHHH3fxwp1F4QuuM4t/1ICg92iuWruZfZj8q9yA+8EwzeaK7//ubpDWjCU8MSV3XQgcVezrNUgerPOYzlWo08+8xEQ8pjNnDJ7o4d3bj/bOWB5QMLxV3/GntYVl7olzcKU0h+pffTmUfO7LDHgr5BwAA//8cIO6EAAAABklEQVQDALqkbDYcLoEeAAAAAElFTkSuQmCC"
Ebba / Eivind 1:1 - Google Docs,https://docs.google.com/document/d/1N1RedwwjfH5aqtUc4_aNaFhKGNPVRdPC8WsY0K7Qnw8/edit?tab=t.0,docs.google.com,work-productivity,2025-01-31T10:30:28,"data:image/png;base64,iVBORw0KGgoAAAANSUhEUgAAABAAAAAQCAYAAAAf8/9hAAAAb0lEQVR4nOyTuw2AMAxEL5Y7mswELMIK0NGTko2YiRSh5VtENEFgFzQ5yZJd3NPpJHPtQrNuGAFYfJMng9aUQ5gF5ghhhfmU5fs19cUrV+WWuDOU4hRZBFAnyB2kO3hK9n8HdIyHXJ6ITCeEXO+8AwAA///6PvSSAAAABklEQVQDAH1XHQpZfa4YAAAAAElFTkSuQmCC"
Innovation week - environment - Google Docs,https://docs.google.com/document/d/1CH6IreG7Wk9sBjRufQh49JRSD7V23LK6pQnlWbm4oA8/edit?tab=t.0,docs.google.com,work-productivity,2024-12-12T08:40:43,"data:image/png;base64,iVBORw0KGgoAAAANSUhEUgAAABAAAAAQCAYAAAAf8/9hAAAAd0lEQVR4nOyQsQ2AMAwE3+COhhGYhQzCDLRU0KRmIWYhI6QA0SAZ0iCaIJIUNJxkyS7+/XpWemtE9hGgEmEYorynWi8zBBXisJwgdpR8v6aueKVSer12RiLsc44ySE7wd/DcgS/d9x1k51jEY5xBC4JBMOIeDwcAAAD//7RP03wAAAAGSURBVAMABnog/gXuIo0AAAAASUVORK5CYII="
Snowflake files - Google Drive,https://drive.google.com/drive/folders/1a7HoU8FLJfXVoWVMiljTWsjkpsuBwU3r,drive.google.com,work-productivity,2024-12-11T09:16:15,"data:image/png;base64,iVBORw0KGgoAAAANSUhEUgAAABAAAAAQCAYAAAAf8/9hAAACwElEQVR4nKRTTUhUURQ+59z3MzO+mZzRWaQMA7mwJGxatNGEoh8KIqIyBHURrdoKZUTQ2KIfahO0sk0/i8R+wNoFkpuECiQpgqQkrETMxTg6znvvvntvd8axJrJVBw5c7jvf+c73vXMJ/g6Ef4Ra55uxDli13Dmwp+DxLunyMiAcInWrZnoIe2ZG12qqAX+cW4YPpRwz8i6Xz8f4UhEWwYIj0RwMJiby83nRurEbZirF5Sb0C55d7RxG+xIyitWQ5Qau8B3X988bH11miFhdGAbKwOxvYqqASafMPD7azgzWExR8YVuGzZ2YdTo2azXZ+ZC7BMJg0KNGoB11rcquYqnKITQlXdEnplMqxpQTj8ydSnyb0zdSU0pEYIGEq0pVT1Bh3/7oeC/ZrEN4QVCSaIQZ5Vn0THKpOAARIA1G7kJgWLBTjEDv2hSlTrhpeG8sQbWTiJiSvhBkMROUevvm/dYdajaLwUF4TQSZwANumOUJvxKHbXAC8iUJKk51fcy20hos9VBMmwiSQT9kswEOahDCOdB32nbGfZBkQ1ovQF/JUGwdPtxsMzWuBNaClILChhn4cmiic6QbsgNGp2Z4mL0o1ZMN9yG03OUXdUNSTDfIkVRtmLr8qoO480JyrhWU+TEdSk1ZFFsUeg5D8xbQkk3+dPTmh2PNkguldJ3NSBlWcTfLj97+bmdqMogbt7jLtohjkuJhp15raSTABgmsIax44yezvr52rgiZL2OSeAPjC+pp7Nnkde0BCrIXLgAUvJAlKOkowYMiF95KIHgxkH4h8Hw3iHsr/O7mk+JHIkUGLXpeVGkMai2gaPll7bzd1m+mk3W7HMsiYBZjpk1kWuVEM0Q2IVuIRMgMpbHj870b0bGpB9pUqixESRWq/df4Pq5kXMsW+rdVvRPthmR6fXzmkZMbP4vPSy8TV4H/Fz8BAAD//1ZN9ecAAAAGSURBVAMAF8MkTRHA8NoAAAAASUVORK5CYII="
Planet Earth Texture Maps - High Resolution,https://planetpixelemporium.com/earth8081.html?PayerID=87TSXRRZTSQS4,planetpixelemporium.com,uncategorized,2025-01-13T10:17:27,"data:image/png;base64,iVBORw0KGgoAAAANSUhEUgAAABAAAAAQCAYAAAAf8/9hAAAB7ElEQVR4nIxTTUsbQRh+dklL00KLVVuTxrTGptCmaQs9iNJDe7S2PfRc2kLrKR78AyLiHxD8AImgB3+BCN7EgyBeRJGN4GrUaBI1RlHwW4j7vGGWzargc5ndmff5mJl3PHChYGFyYROLyWUcZ03kc9vYzCyjyl+L33/+oeZZheas153ElfSOkC8O0iWiqfUcOjs6EA4F0RMfZGlBrXmcrgTJyZ0TcZ9IaTATWavqOfyRemSMKbS2xGDMTQlHsyACq5m8kAOP7mA8WSSzyMzel/m9lXkZlUg8PozI+/piAuVuHGqW+yrGppesac0m3wQmIVenO8kzCymJHvVuSUH4zQe7uKwmeq1I78AQ9I39c/mpe3yG6d27SAe+INb0Fp+D9jnZW1DbUBgbHYFOd4JkBSbx+sL4+dGHBt8RotUPr00wv35QvAU3KPbu1EB55ZMrBB6iE57IgwJUCoVdM4G8t9hATjBJxij913l1brK4HT+V7iM4BqsrJYETjd9+QH/hLwdT8BCdMBOzMrILmYSjG01fv0NnNzHFq1BtiYi6RjqT7Hbv6ukFzeUt8IOgSGPdyytOG1YrE+oAm5t/Ifb/L2guAvz49LpKFkMV90SEfcBbyJU1IHCxZou1tbejr7tfOMJ1u/FFsrlu+5wvAQAA//8ANZFAAAAABklEQVQDALJI9N33IrvXAAAAAElFTkSuQmCC"
,https://docs.google.com/document/d/1sOr8BKpBlAS_sTJ_dSopE04yBfmsc46JB8GdBv2g4jU/edit?tab=t.0,docs.google.com,work-productivity,2024-12-11T14:52:53,"data:image/png;base64,iVBORw0KGgoAAAANSUhEUgAAABAAAAAQCAYAAAAf8/9hAAAAd0lEQVR4nOyQsQ2AMAwE3+COhhGYhQzCDLRU0KRmIWYhI6QA0SAZ0iCaIJIUNJxkyS7+/XpWemtE9hGgEmEYorynWi8zBBXisJwgdpR8v6aueKVSer12RiLsc44ySE7wd/DcgS/d9x1k51jEY5xBC4JBMOIeDwcAAAD//7RP03wAAAAGSURBVAMABnog/gXuIo0AAAAASUVORK5CYII="
AI Inspirasjon NTNU - 2025-01-08 - Google Slides,https://docs.google.com/presentation/d/1PPzjNcHnxG2ZMvQgQEXdl8tIQ4x-EAOekpxTQ1KZF5I/edit#slide=id.g31dca4b1425_1_15,docs.google.com,work-productivity,2024-12-19T20:45:02,"data:image/png;base64,iVBORw0KGgoAAAANSUhEUgAAABAAAAAQCAYAAAAf8/9hAAAAb0lEQVR4nOzRsQ2AIBBA0X9KZ+MI7uMQzuAGuoHDaBxHRqDQ2GgQCk0sgcbCl5BAwYfk1D7THCeDQEkYned0so4s7lARx6iEy16pSPQEitoSYpvkHUj+wR/4QuCea3QgVuaWIZ7OEFq/IZD1Dwv9BQAA//9nkBR+AAAABklEQVQDACBhFEwOgb+pAAAAAElFTkSuQmCC"
"Xeric Design, Ltd. | Purchase",https://www.xericdesign.com/purchase-checkout.php,www.xericdesign.com,uncategorized,2025-01-13T16:45:22,"data:image/png;base64,iVBORw0KGgoAAAANSUhEUgAAABAAAAAQCAIAAACQkWg2AAACT0lEQVR4nERSz2sTQRSe/eFu0lgTbdDamqRJQxVEBFHUiiKC4MU/QPDgTUU8KOJJRVF6KIgHLwXBs/Yi7UGoVnvUi4JEPSiEJk2apOkmTbLZtdmZN76ZaSg7u7yd972P933vmVfufvL8gBN8gHMAkIH6Bdjo+OPJ2MyzS/emFr/nqqPDg+Z6w+ecE4JQhgguy4ioZITzZtO10jEMKrVW1/fX6qCHw4ZCiwIuD1CAQMa03e5mU1EGvFByLIOHbE1XZPgijWyJql9gFCvdrnfuZKpcaa2UnR0mpqkO/R6QUoKYDALMtTteYn/kzPHUu4Uc4XgT4L0ukAoNVPajuJmh8z/5yu1rk4SQ12++7IuHgcoC5EYJvH9EGTBdg2Kpnk3tvn719ItXS6sVJ2TpmGKMmqiYb3myja47bTxf5x7W6p1H0/NjiSilPSESNFM2pNDYPRgGKZacRrOzNHtrZHjX4fNPBkK6bRLKgn6B6ATnwDXC3e6/fKGWScQ+v72ZHYtPXp5eXlmbSMcDGiAMe2EordXx1xtuvuj8+lvVCDy+czG3eB+pjlx4+uN3QaAD1ErxMGm0iXyH0rHxZPTUsdETRw/gTky9/PB85qNpwEQmHvQCJUxsAxcGaq63SalQsFxqzi38nJ3/VizXkyNR2+KKm0u75WQhMmBrNx68X62KQZaqDczt3RMKWRp6omanCuTsKYreGbENzz670fbQnKGYHR20DI3LLaRbi8iEdVyajkFvs2cezAy5rgecSmU6ME18QRf7xwycuEwZagkiYes/AAAA//8lIxKvAAAABklEQVQDAJVCK1Uik3tEAAAAAElFTkSuQmCC"
Keynote by Mr. Thomas Dullien - CyCon 2018 - YouTube,https://www.youtube.com/watch?v=q98foLaAfX8,www.youtube.com,media-entertainment,2025-01-22T08:41:21,"data:image/png;base64,iVBORw0KGgoAAAANSUhEUgAAABAAAAAQCAYAAAAf8/9hAAABnElEQVR4nKxTu0pDQRA9u9mrBiGgsZKoiZ0iiK9CBP/AD7DzD6z8Cq0FGwtbP0IkiKBYCGIbNKkENYgSNckdz2Q35l4rX8vdO7uzM7NnZs46cAhgKCy8TIyFsL+QtF5dEPNQjDobr/jxCL66mBkD+pYYdBjIDFJmqXY8zwTTNn8tgmwA7RfKB+D93OCqSgTza1Ts02DEG1svUriSAOPu4p7rDQ1wzFtXGblJLxusOZsehCWI+NPJ+ClUZCL6lOkgk1xQIbQUDUDZdihNOERRhPgpgrWajuvZqFQfU+TG5v3Nvh6wKp8NNtcNjvaA5UUiqFP3ZvSwl5/6SF5vHOjlx4MQBy3WbWUWKB8Ah7tAsYBOWsYkW511+OPQAK8ayW9F+PkbHNM8uQS2toHTswC0X+uXbEmDXZirEteoL34nN0rCL5EatTuDZp2p5wQdv243JJAXNa1uhYUvpNuYEVRuPECbS7TRhDYitLFV0RSIUaZo+YVILjAeSD8RVShDhUQyO4HK0+PMj1S2Q9x+g8rmkW0lla9v/+sx/f45fwAAAP//ZPH6ZQAAAAZJREFUAwDyMIxgZOLmzQAAAABJRU5ErkJggg=="
Untitled - Miro,https://miro.com/app/board/uXjVIdp72Rs=/,miro.com,tools-utilities,2025-02-17T18:02:09,"data:image/png;base64,iVBORw0KGgoAAAANSUhEUgAAABAAAAAQCAYAAAAf8/9hAAAC00lEQVR4nFxTz08TURD+5m27LRZMYxQUIiYYNUYIGNv4I0IhAqImGglHjh418W7iVWP8Fzxp9OLFGH+gHjzogXighESUCKgQA1ik0NJ2u7tvnPcaiHGTdndn3zfzfd/MRCAXz3R1wVV3OOA+ELlkYgxz+/diqkUqiKh38ILbdDibJZ490QGFt4irJpRD+U7QIUNF5DTj/2dWSo4kHEJJL0vkvJIPd1En4FJYrXhgzxNAnFAsaGw9b2xohIGAG5TlwBuhjx2CgbqnpGCfLoYaCXKfvirTsYs5Hv9UxZuPVbRfyuH9hyoePisjPbJKj56UGBESkYjypmA0ZwyhOhGs4AEDZ2NGJw1fz2MpF6I+QRi5sYb5hRDlCuParXUavZnn5T9aDIESVTFl7JKc0B5zU6tDo1fiWBPK9x+UYPQ6DvD4RQVR8SG5U2F80icngHhBot5URs1bLXlYA92pGBoSykbNIS2x5j0Ku5KE9QJjKBPD7haHwqppE5Ha7pH5kypzCwHywqB1n8KhAw4KRUaqPQrfN6UYPakoOGJ4WwS2E5hqJFmzX3xUfUbvyRhWVjUa6gmdR6NYzWu0NDnIpFxQGVaekW4TmGxGqy/Vsp8DezDdEcW3H6GAI9i/V2FxSYs8F43NDrQUMGCDsyaa4RH6/GtF4+t8gHOnXeyoAxaXQ1ztj6Mo3dvc1LjQ44JdC7T8TQ5LRGt5F2YT0z7nhPbo5Trxwg4P+s/EMDEdIJlUyKQNfVvddNumkElkjxRp4cKzP0NKd0a595SLme8BBrtjONIWwdLvEMMDcTSKNBb6ysyvMj1D2ezCGBJqEIXQ9wJZE0kdFZqVSs2XiPxkxOG6pve2u4a+L/vgohi8JJ473imejtnZLtWWyeTeajCLPJLdga7ZbYNmmcqyTLo6oKhtYhJBOASPn0vusjFI+s0GaMHGKdlI3lpwRhUVfg0/HKKDU1N/AQAA///3ylUOAAAABklEQVQDAOIRZAmvvT2dAAAAAElFTkSuQmCC"
The link between modern management and slavery,https://www.welcometothejungle.com/en/articles/modern-management-link-to-slavery,www.welcometothejungle.com,uncategorized,2025-02-28T10:05:43,"data:image/png;base64,iVBORw0KGgoAAAANSUhEUgAAABAAAAAQCAYAAAAf8/9hAAAC1ElEQVR4nFyTbWjNYRjGf8//vExrjre0ESFiQkMhhLzMQfmE8ckHLyWJIsXSykvMB4uPWivlC2u+sTq2JlKb2cyM2GZl2mwz2trOXs7Oy+P6/0/JPPWc/ud57vt+rvu6rtuPlq1nNUFukWS7hWAyCX4/hoAujfYEJBJYn8/7O46Pap0VmfW8N7aBVTqoYgrZqSjW8SkmBPFf0PUTb83PVsEZ+ohCKqmYLMWM04clbFINPDNZ7LNDTJhMgjEFFZdhv3Ri1q3Qc3q9uQ3ylmAvHMVkZKnIKHEnJHyjPHcEaYeNknKTmz7A/nPYkRjmex+cPw2FZ6GjGwaimD1nsM0fQQgCdoSUMG1z1PMU68Pp7YWKKmxnLyZ3ISyeB20t8PUz5C6AZdpd/ZhHEWxPj3jz41hLhpNM90RZBfZJDeZ+IURqYcNKeNkIla9hbS5U10PpFSivwpSWp3MSbq4vgBlWRRFv9myCi/dgUx509+vMemp4PGxdC9dL4XAYfFJo6Ifughi/kVT9A9JOgXeL4Vsz1KnPaVNhdEyEqciiuRBQ3IOrUmQVlJTA70EISRnHlcmIyaCruc+r7r2aoa0ecVkej3s+wPWHpCMWT9+5y291MWs6jMXEeBG8EXEHdsLgcBqFX0U7BXe6vgsuwZY1Olf/s2eqiAo5iQlsSBCTctrjCBSdgJq3QhDwTOOhy54FtWrttiR9+soDaqfmKCcuEvWCkQM5WYApyMeevAHhjdDUCns3S2iRVyt/hEXwqZtwcBf2+KF0jqwtEg0xEgTmzME5EsbUtWDb5cLWTliyHI+lji7IEYoFOdiD+ZgcWduOy3zKNbaRCJnsTg3JnpkEXCvfeSjHtWPylsplQaj/BMsXYi8dS1vZjsr2IY1flEpj35Gn0YhMGiYFxSVtV1+a6Xl6MSAEDP03TEnyzT/jfE0Hu1xr/x3nYFo24pPGeUIsvtDvZXec/wAAAP//C2Ml8AAAAAZJREFUAwD1iRzF5EfGlgAAAABJRU5ErkJggg=="
Bob the Builder - training curriculum and plan T1 2025 - Google Docs,https://docs.google.com/document/d/12NXGgLxR-gBUPyRztpyVqmP6-pL1ndZnS5psz0lq09M/edit?tab=t.0#heading=h.ikomf73r3w9i,docs.google.com,work-productivity,2025-03-06T15:49:45,"data:image/png;base64,iVBORw0KGgoAAAANSUhEUgAAABAAAAAQCAYAAAAf8/9hAAAAd0lEQVR4nOyQsQ2AMAwE3+COhhGYhQzCDLRU0KRmIWYhI6QA0SAZ0iCaIJIUNJxkyS7+/XpWemtE9hGgEmEYorynWi8zBBXisJwgdpR8v6aueKVSer12RiLsc44ySE7wd/DcgS/d9x1k51jEY5xBC4JBMOIeDwcAAAD//7RP03wAAAAGSURBVAMABnog/gXuIo0AAAAASUVORK5CYII="
Golden Loop & Ticket: Steerco - Google Slides,https://docs.google.com/presentation/d/15qIzVVc_BC0n9_x4OMVvDOq_c3LZ0xQBxXWJ16lFj-g/edit?slide=id.g3376bf17c91_0_0#slide=id.g3376bf17c91_0_0,docs.google.com,work-productivity,2025-04-01T13:03:39,"data:image/png;base64,iVBORw0KGgoAAAANSUhEUgAAABAAAAAQCAYAAAAf8/9hAAAAb0lEQVR4nOzRsQ2AIBBA0X9KZ+MI7uMQzuAGuoHDaBxHRqDQ2GgQCk0sgcbCl5BAwYfk1D7THCeDQEkYned0so4s7lARx6iEy16pSPQEitoSYpvkHUj+wR/4QuCea3QgVuaWIZ7OEFq/IZD1Dwv9BQAA//9nkBR+AAAABklEQVQDACBhFEwOgb+pAAAAAElFTkSuQmCC"
1.Presentation template SMP - Google Slides,https://docs.google.com/presentation/d/1G_mCaCBZKYx6G7GptoH5I_e6xOUdFV4ag6xkC6YDU9g/edit?slide=id.g3376fed6792_0_549#slide=id.g3376fed6792_0_549,docs.google.com,work-productivity,2025-04-08T15:27:08,"data:image/png;base64,iVBORw0KGgoAAAANSUhEUgAAABAAAAAQCAYAAAAf8/9hAAAAb0lEQVR4nOzRsQ2AIBBA0X9KZ+MI7uMQzuAGuoHDaBxHRqDQ2GgQCk0sgcbCl5BAwYfk1D7THCeDQEkYned0so4s7lARx6iEy16pSPQEitoSYpvkHUj+wR/4QuCea3QgVuaWIZ7OEFq/IZD1Dwv9BQAA//9nkBR+AAAABklEQVQDACBhFEwOgb+pAAAAAElFTkSuQmCC"
Golden Ticket Vision Workshop 2025-04-23 - Google Slides,https://docs.google.com/presentation/d/1pU0V1aAFqsgJ1j8tvArvZ66WAlg46zo78f79n8zwA5o/edit?slide=id.g337714a28ea_0_31#slide=id.g337714a28ea_0_31,docs.google.com,work-productivity,2025-04-22T17:14:44,"data:image/png;base64,iVBORw0KGgoAAAANSUhEUgAAABAAAAAQCAYAAAAf8/9hAAAAb0lEQVR4nOzRsQ2AIBBA0X9KZ+MI7uMQzuAGuoHDaBxHRqDQ2GgQCk0sgcbCl5BAwYfk1D7THCeDQEkYned0so4s7lARx6iEy16pSPQEitoSYpvkHUj+wR/4QuCea3QgVuaWIZ7OEFq/IZD1Dwv9BQAA//9nkBR+AAAABklEQVQDACBhFEwOgb+pAAAAAElFTkSuQmCC"
AI ethics - Deep Learning 2025-05 - Miro,https://miro.com/app/board/uXjVI6U8PR4=/,miro.com,tools-utilities,2025-05-06T12:22:24,"data:image/png;base64,iVBORw0KGgoAAAANSUhEUgAAABAAAAAQCAYAAAAf8/9hAAAC00lEQVR4nFxTz08TURD+5m27LRZMYxQUIiYYNUYIGNv4I0IhAqImGglHjh418W7iVWP8Fzxp9OLFGH+gHjzogXighESUCKgQA1ik0NJ2u7tvnPcaiHGTdndn3zfzfd/MRCAXz3R1wVV3OOA+ELlkYgxz+/diqkUqiKh38ILbdDibJZ490QGFt4irJpRD+U7QIUNF5DTj/2dWSo4kHEJJL0vkvJIPd1En4FJYrXhgzxNAnFAsaGw9b2xohIGAG5TlwBuhjx2CgbqnpGCfLoYaCXKfvirTsYs5Hv9UxZuPVbRfyuH9hyoePisjPbJKj56UGBESkYjypmA0ZwyhOhGs4AEDZ2NGJw1fz2MpF6I+QRi5sYb5hRDlCuParXUavZnn5T9aDIESVTFl7JKc0B5zU6tDo1fiWBPK9x+UYPQ6DvD4RQVR8SG5U2F80icngHhBot5URs1bLXlYA92pGBoSykbNIS2x5j0Ku5KE9QJjKBPD7haHwqppE5Ha7pH5kypzCwHywqB1n8KhAw4KRUaqPQrfN6UYPakoOGJ4WwS2E5hqJFmzX3xUfUbvyRhWVjUa6gmdR6NYzWu0NDnIpFxQGVaekW4TmGxGqy/Vsp8DezDdEcW3H6GAI9i/V2FxSYs8F43NDrQUMGCDsyaa4RH6/GtF4+t8gHOnXeyoAxaXQ1ztj6Mo3dvc1LjQ44JdC7T8TQ5LRGt5F2YT0z7nhPbo5Trxwg4P+s/EMDEdIJlUyKQNfVvddNumkElkjxRp4cKzP0NKd0a595SLme8BBrtjONIWwdLvEMMDcTSKNBb6ysyvMj1D2ezCGBJqEIXQ9wJZE0kdFZqVSs2XiPxkxOG6pve2u4a+L/vgohi8JJ473imejtnZLtWWyeTeajCLPJLdga7ZbYNmmcqyTLo6oKhtYhJBOASPn0vusjFI+s0GaMHGKdlI3lpwRhUVfg0/HKKDU1N/AQAA///3ylUOAAAABklEQVQDAOIRZAmvvT2dAAAAAElFTkSuQmCC"
Word2vec: fish + music = bass | graceavery,https://graceavery.com/word2vec-fish-music-bass/,graceavery.com,uncategorized,2025-05-13T14:27:34,"data:image/png;base64,iVBORw0KGgoAAAANSUhEUgAAABAAAAAQCAYAAAAf8/9hAAACSklEQVR4nKRTzWsTQRT/zcxu06apMWlqmrYGNE08SEVyEKEobQ14K4rUg3+BIKKi4km8eBEE8ZA/wKtFD70pinqIYE9+4ElBk4I1jZiUfO0mOzO+bTZNWvDUBz/em3mf8/a3BvYoBvYooq8Q9+CK9jTvs3c3Vl3DDaHDXCeZvVV9yYp8DMnwCAaEgtQMPtKfig267YR7U9wi+Lzze8Irr3PG853oK9oiZAn3CdJNeB3IhBbC58dh/WyglF2zdUP56X6e8AKHwgLxENCWnZomDf3jL1AoryCKS4IHxZPpl+m29aWmJu+mhJSOqL+rnKJRb+DczBAyKQeJMMP0mEZiFDhMOB6z8f3PUazbnEMwh5nMsPJN0y43MHZ5ym20gPTUPqQnNeq2gSpNXbU4aqQ3m67fh9MJCc5uGqomjVquguSjNJqqqrWlMXw2IusTMYaazWkr7hq9lZHmXMNyGKIBDoMLAYmPlWcbF9qWLXwpPxuM+JnTcFg1P8wRG6JkTukmrY/eLggmnX2GRksxrBZ0t/IZwm0e4CcD8+GgcrSqb/gZIj7GpdIHQ9oRAwyypbFWZoZyi9qO1rn89meU0EsCbHk/2Vfp9t6x0mzbHPXr31c+Dyx+K2JoAmj+AlaSUYxnZ9qt9Tq+HvlgsB2k6ZBKsBHx/MD1+KLbqPi4IPWmekCeNsFkQX4nei0ulKNQepjfXg7QI1aXzi6BBgk5/RRvsETWMgVc3OLHrBezurtAT/Sc4VHbwc6fzun3/b9AJ4lt7af7vN5zuz+h+gcAAP//pX3QuwAAAAZJREFUAwAVmdGWoiiNkwAAAABJRU5ErkJggg=="
Vend Presentation Template 1.0 - Google Slides,https://docs.google.com/presentation/d/1zKI88LgTP7GsIg4Nsb8V-OeuHzBunFJkvrTnE8MTUSc/edit?slide=id.p8#slide=id.p8,docs.google.com,work-productivity,2025-06-15T21:12:48,"data:image/png;base64,iVBORw0KGgoAAAANSUhEUgAAABAAAAAQCAYAAAAf8/9hAAAAZUlEQVR4nOyTsQ2AMAwE35E7CtiLLRiBQdgmzBUkUhuDRCRK2w1FrnLzJ0uv57pjEcEGwQgbBYSVzqyHPdwkHAjfTIwgTTDMAgs101cQ/qAL/iB4e3ULvCRd1AE/JZFO0il55nwBAAD///JmBHQAAAAGSURBVAMAMv8WT6gjhn8AAAAASUVORK5CYII="
2025.08.07 - Mobility Insights and Analytics - Vend Assistant for mobility - Google Slides,https://docs.google.com/presentation/d/1w1Pl6cZvo35WEuvR2IqDN_Y_DuqVgPYWyl-AMxvy8Ok/edit?slide=id.g36e190ed4e3_0_26#slide=id.g36e190ed4e3_0_26,docs.google.com,work-productivity,2025-08-07T12:51:14,"data:image/png;base64,iVBORw0KGgoAAAANSUhEUgAAABAAAAAQCAYAAAAf8/9hAAAAb0lEQVR4nOzRsQ2AIBBA0X9KZ+MI7uMQzuAGuoHDaBxHRqDQ2GgQCk0sgcbCl5BAwYfk1D7THCeDQEkYned0so4s7lARx6iEy16pSPQEitoSYpvkHUj+wR/4QuCea3QgVuaWIZ7OEFq/IZD1Dwv9BQAA//9nkBR+AAAABklEQVQDACBhFEwOgb+pAAAAAElFTkSuQmCC"
AI Academy skills model - 2025-09 - Miro,https://miro.com/app/board/uXjVJDPV_rg=/,miro.com,tools-utilities,2025-09-25T10:38:26,"data:image/png;base64,iVBORw0KGgoAAAANSUhEUgAAABAAAAAQCAYAAAAf8/9hAAAC00lEQVR4nFxTz08TURD+5m27LRZMYxQUIiYYNUYIGNv4I0IhAqImGglHjh418W7iVWP8Fzxp9OLFGH+gHjzogXighESUCKgQA1ik0NJ2u7tvnPcaiHGTdndn3zfzfd/MRCAXz3R1wVV3OOA+ELlkYgxz+/diqkUqiKh38ILbdDibJZ490QGFt4irJpRD+U7QIUNF5DTj/2dWSo4kHEJJL0vkvJIPd1En4FJYrXhgzxNAnFAsaGw9b2xohIGAG5TlwBuhjx2CgbqnpGCfLoYaCXKfvirTsYs5Hv9UxZuPVbRfyuH9hyoePisjPbJKj56UGBESkYjypmA0ZwyhOhGs4AEDZ2NGJw1fz2MpF6I+QRi5sYb5hRDlCuParXUavZnn5T9aDIESVTFl7JKc0B5zU6tDo1fiWBPK9x+UYPQ6DvD4RQVR8SG5U2F80icngHhBot5URs1bLXlYA92pGBoSykbNIS2x5j0Ku5KE9QJjKBPD7haHwqppE5Ha7pH5kypzCwHywqB1n8KhAw4KRUaqPQrfN6UYPakoOGJ4WwS2E5hqJFmzX3xUfUbvyRhWVjUa6gmdR6NYzWu0NDnIpFxQGVaekW4TmGxGqy/Vsp8DezDdEcW3H6GAI9i/V2FxSYs8F43NDrQUMGCDsyaa4RH6/GtF4+t8gHOnXeyoAxaXQ1ztj6Mo3dvc1LjQ44JdC7T8TQ5LRGt5F2YT0z7nhPbo5Trxwg4P+s/EMDEdIJlUyKQNfVvddNumkElkjxRp4cKzP0NKd0a595SLme8BBrtjONIWwdLvEMMDcTSKNBb6ysyvMj1D2ezCGBJqEIXQ9wJZE0kdFZqVSs2XiPxkxOG6pve2u4a+L/vgohi8JJ473imejtnZLtWWyeTeajCLPJLdga7ZbYNmmcqyTLo6oKhtYhJBOASPn0vusjFI+s0GaMHGKdlI3lpwRhUVfg0/HKKDU1N/AQAA///3ylUOAAAABklEQVQDAOIRZAmvvT2dAAAAAElFTkSuQmCC"
New course | Learning Lab,https://learninglab.sana.ai/create/s/uQXoohNzKhc3/file:CDyuArqBiDaW,learninglab.sana.ai,uncategorized,2025-09-30T17:45:13,"data:image/png;base64,iVBORw0KGgoAAAANSUhEUgAAABAAAAAQCAYAAAAf8/9hAAACAElEQVR4nHRTvU5UURD+Zs5Z1MK4BZViYW1Doa1P4fZaSGNsqXBj0MRES2NjY0GFWvoCaGuBb2DEGBOVhBCWhT1nhpk5l0tC2Dm5uefO3/fNz80weYXr4wx+LMAiyI6a0t+92FVVQ6NQBv4VyNtV/F6n17jx9DLS+hEEYQZR8+9DPca0FNbOQpfAmKKOLcHSLhOuaSBwcgfqMp2lwBkDB1CplpBEsZdNN2xo7AZteKGoFqGtloBnUq/OvYm1IQyzK5iYxJGV2OqTaqYBKCWjyRZybNlmBGnpwBYjEWOAuePnWOSGjMweeIS6PQO+eQrDvbOgWJbWD+kYRWT2D4kWiSQkmiD/LahPvuPnp49WhjuNgHQXN+8nkjdJabFEJ42CF+5JqWV1HtMD1NEafmzeNv0zYOGDPX5fxc7mgdaREE0pWqtByEtw6tVGmfdRN57j19YKMLBgqyDKD3HdGH+2XurSxlXwyiFqMdCUu4lxMVYZ8tkTvgPKC9y6dwW87FWY8/Yadr66zX0K6JHHnDLwMfHMFolR/qPrTkZ5MMTgoQ0Fh1zf2+tLDNt8ZtEzb4E1vS2dLw9R9Z72UicTownTmn3Sa82H2376wmluo6VT4F40RpUS2eZzW85zEksVdbSvcyLsFNtDcb8gQzfGC4WkW5s4Ms9tfgL4Urf/wM58txMAAAD//z2Wdh0AAAAGSURBVAMAZlHnUL8Fs+kAAAAASUVORK5CYII="
New course | Learning Lab,https://learninglab.sana.ai/create/s/uQXoohNzKhc3/file:Bd1uyxv8q8Zk,learninglab.sana.ai,uncategorized,2025-09-30T17:45:18,"data:image/png;base64,iVBORw0KGgoAAAANSUhEUgAAABAAAAAQCAYAAAAf8/9hAAACAElEQVR4nHRTvU5UURD+Zs5Z1MK4BZViYW1Doa1P4fZaSGNsqXBj0MRES2NjY0GFWvoCaGuBb2DEGBOVhBCWhT1nhpk5l0tC2Dm5uefO3/fNz80weYXr4wx+LMAiyI6a0t+92FVVQ6NQBv4VyNtV/F6n17jx9DLS+hEEYQZR8+9DPca0FNbOQpfAmKKOLcHSLhOuaSBwcgfqMp2lwBkDB1CplpBEsZdNN2xo7AZteKGoFqGtloBnUq/OvYm1IQyzK5iYxJGV2OqTaqYBKCWjyRZybNlmBGnpwBYjEWOAuePnWOSGjMweeIS6PQO+eQrDvbOgWJbWD+kYRWT2D4kWiSQkmiD/LahPvuPnp49WhjuNgHQXN+8nkjdJabFEJ42CF+5JqWV1HtMD1NEafmzeNv0zYOGDPX5fxc7mgdaREE0pWqtByEtw6tVGmfdRN57j19YKMLBgqyDKD3HdGH+2XurSxlXwyiFqMdCUu4lxMVYZ8tkTvgPKC9y6dwW87FWY8/Yadr66zX0K6JHHnDLwMfHMFolR/qPrTkZ5MMTgoQ0Fh1zf2+tLDNt8ZtEzb4E1vS2dLw9R9Z72UicTownTmn3Sa82H2376wmluo6VT4F40RpUS2eZzW85zEksVdbSvcyLsFNtDcb8gQzfGC4WkW5s4Ms9tfgL4Urf/wM58txMAAAD//z2Wdh0AAAAGSURBVAMAZlHnUL8Fs+kAAAAASUVORK5CYII="
Reindrift - Rådet for dyreetikk,https://www.radetfordyreetikk.no/reindrift-2/,www.radetfordyreetikk.no,uncategorized,2025-10-08T19:26:14,"data:image/png;base64,iVBORw0KGgoAAAANSUhEUgAAABAAAAAQCAIAAACQkWg2AAACBklEQVR4nGRSTWhTQRCe/UmTFJ8lWtBKqhfBo3jwIIKIZ0X8Oyl4kN6lKni1x4IgHvQgKlQvoqWieBAKKpSaeClaMdpajbb0N21CSl+al7eznd19TV7pPBj27c438803I7XWAICInHNtjQ50AxqUVpzZszXGGPkoiH7IowXnZsf/VGbL9VXBBWpsAlxq7nDOFCpK//5v7vjA5RPPr35bnDAY3ILhDmdYaaTnqfL0i8K7+bXS98WfZwevz1QXKGOzDp1bFAknOO/7/Lgw90OmPJnqKJZ+3/p4z7Skt1Uw6Zl4MPZy4OsgyLawsR6iYumOVxPDY/O/hGg1Y3rQoBmwUKu7+afA4PTBU53pDBCAy7BWHf6Xd8K0KlA0/UnGbx/reXam/+2l+71Hr0C9SjeMi8JK0dHXtgcZqWt9z+Fz5Et++c3kB0ik0eiM1cA38fRRkXjTaOsu+ZWLQzdy/7+wRJouPZk8lOm2U0I3K7kpERGDUq1yfujmSHFUpDIKQwbqzsnea0cu0ChI8UjWTZXMRvSNPhqZ+tTWvhtpKbhoqODh+OuUSMaHy10hDsZPVmaA8aBR06qOYZ2EWvKXVxu+i4kAbpHs3CC7o3OP13VgZ1fW25f19nZn9reLRH/+CVHSlrZhFV+VWhgEKhRWQasMLSzSzu5KekQfbFoDaFaMc41b9GrGpTcAAAD//8LImYYAAAAGSURBVAMAnjQtaKvcAzAAAAAASUVORK5CYII="
Granite Docling 258M WebGPU - a Hugging Face Space by ibm-granite,https://huggingface.co/spaces/ibm-granite/granite-docling-258M-WebGPU,huggingface.co,uncategorized,2025-10-10T14:00:01,"data:image/png;base64,iVBORw0KGgoAAAANSUhEUgAAABAAAAAQCAYAAAAf8/9hAAAC1klEQVR4nHxTW0gUYRT+/tmZ2ZnVFW+rq66GiRiZWZmRDz1EqWhilG/RQxDsQ9BDQvRQmPRUUE9hJZRdICJfhKIyxAKXDLoJYZG0GVi4pbm76s7qzuzM3xm3pBIbmNs55/vOdy6/gFUvzpo6eUbrOe7Gfy72r6H7Kc/1b5/ci8mBFuhfSwERcJUHUdR873K/cv9IC4usShCa5dvyZ7q6WPjOVlifyZJIhXAn8VQCXv9wEG1Hy4vYmxUEX77xKl+k4yGiV3xQHQQgEP8dRR/GIrAoged3jI8y/56NpeyD7RLsx6HrXPFpN85i9poP6Qos5gQ3CcRtBg4zSS+HQqVwsOnza6tcgTM1fi4tE1xow2bM9DVCNmBxhpPdheh5kAtIHLrB0H6xGL1PsgAn9YP9oFrvtt48hU02VrQf2YkXdWCfHJAUMAvYXTuHskKq32QQHRwHG8KQRFJjq3KqQHLUWZkX2ULQl0sKsBjyAnFiF8Co/LoNGuIJAYZJLlLgUixUl5PfopYJFMBnqb/T3mUFUL1hmFTSPE1IlaDFZJy45MOaDBOxBQeUTANdx8bhsGMXFgC5mJQQxiYYfsezod2qR4RYRep0RIPHKeD0/jSoAR9MInE1h+AIRwGdSpBIRXwKPBxoJextNhXmOzzBtiHE+olA/dV5u73UDHcmvek/QmAmpnyMCPQYkHMAQW/PTtGTNlcEa5rGRCUI5JRlykJioxSUILmWPU5qVQaRGzRPnW6RYpLfUepBgUjzNSHTjBM61eWiHsipLCpl1OZTWd10HGQxRWyvXpLssgrdBBfHIvKzioL2QQg5u6CPECiK1AqWAGll1hLCGhMQC6XWhtE+ZDUAhYcHJ+YwtLTKnb08vb0F9e74qwZoH9fT6knIqX0+Ya7rAykuYSP7MP+2Dg7VgLvifVSpHrgawOPjjUxbcRpRQyuaR6kescRf9iY6UVOw8JoZf5p/AgAA//9dDLaaAAAABklEQVQDAOxxCiS5FJvSAAAAAElFTkSuQmCC"
Journey of a thousand miles – visual frameworks,https://visualframeworks.com/portfolio/journey-of-a-thousand-miles/,visualframeworks.com,uncategorized,2025-10-14T10:04:26,"data:image/png;base64,iVBORw0KGgoAAAANSUhEUgAAABAAAAAQCAYAAAAf8/9hAAABtElEQVR4nKRTvUokQRCu7uru2Z2Ru+w4jgOD47hTBDEQTERMNNBM0MTABxAzn8IHMDDQRzAUNRLUQBR/wEDwBxFEE1F3Ztbtni5rWJV1XUXZgoauj6+6qr6qVtCkKWjSsAEm+MgGvoB3yPU+wcf2HEO1zktgizHtErETpOwmolYQImb4CojWrfe75XL5rDZG1AT//BaGIz4HhGhh8Jf3fo2kDLj+AUF0wVjKRHRJMpcAXOZUfMraVgiCCQewGifJsjamtRTHMxXnDq21BxVrl7RS/+/TdNZoXZRaT2khjm2WXWGxWPyNSo1BkszG1p5EhUIfel95yLKjMAyHA6U6+KEDTvDXIIb8yArzt5VSk6j1vuI+kcsL7wBcVRqSgNXhCO+/sx5YhSnwiAFUW3QM3OQwOuduNaIPjJnm0s/jNN3RWvdy2bvWub0Ha/eYqLn0QW5vMYqifn5xtJJlCyzo+YuIkdad0phxvl+D97moP/hs5qIJKYf4fimzrERClO7SdJ79+4ZjZE16JNEfLr2LW/tH+aiEOOWJbDiiLc56Uj/GryzRG95nVhng9SpTPbkpa/o3PgIAAP//9mU3agAAAAZJREFUAwBCi7xWoGcazAAAAABJRU5ErkJggg=="
DAI Retro - Fall 2025 - Miro,https://miro.com/app/board/uXjVJ5OL3CQ=/,miro.com,tools-utilities,2025-10-17T09:52:16,"data:image/png;base64,iVBORw0KGgoAAAANSUhEUgAAABAAAAAQCAYAAAAf8/9hAAAC00lEQVR4nFxTz08TURD+5m27LRZMYxQUIiYYNUYIGNv4I0IhAqImGglHjh418W7iVWP8Fzxp9OLFGH+gHjzogXighESUCKgQA1ik0NJ2u7tvnPcaiHGTdndn3zfzfd/MRCAXz3R1wVV3OOA+ELlkYgxz+/diqkUqiKh38ILbdDibJZ490QGFt4irJpRD+U7QIUNF5DTj/2dWSo4kHEJJL0vkvJIPd1En4FJYrXhgzxNAnFAsaGw9b2xohIGAG5TlwBuhjx2CgbqnpGCfLoYaCXKfvirTsYs5Hv9UxZuPVbRfyuH9hyoePisjPbJKj56UGBESkYjypmA0ZwyhOhGs4AEDZ2NGJw1fz2MpF6I+QRi5sYb5hRDlCuParXUavZnn5T9aDIESVTFl7JKc0B5zU6tDo1fiWBPK9x+UYPQ6DvD4RQVR8SG5U2F80icngHhBot5URs1bLXlYA92pGBoSykbNIS2x5j0Ku5KE9QJjKBPD7haHwqppE5Ha7pH5kypzCwHywqB1n8KhAw4KRUaqPQrfN6UYPakoOGJ4WwS2E5hqJFmzX3xUfUbvyRhWVjUa6gmdR6NYzWu0NDnIpFxQGVaekW4TmGxGqy/Vsp8DezDdEcW3H6GAI9i/V2FxSYs8F43NDrQUMGCDsyaa4RH6/GtF4+t8gHOnXeyoAxaXQ1ztj6Mo3dvc1LjQ44JdC7T8TQ5LRGt5F2YT0z7nhPbo5Trxwg4P+s/EMDEdIJlUyKQNfVvddNumkElkjxRp4cKzP0NKd0a595SLme8BBrtjONIWwdLvEMMDcTSKNBb6ysyvMj1D2ezCGBJqEIXQ9wJZE0kdFZqVSs2XiPxkxOG6pve2u4a+L/vgohi8JJ473imejtnZLtWWyeTeajCLPJLdga7ZbYNmmcqyTLo6oKhtYhJBOASPn0vusjFI+s0GaMHGKdlI3lpwRhUVfg0/HKKDU1N/AQAA///3ylUOAAAABklEQVQDAOIRZAmvvT2dAAAAAElFTkSuQmCC"
New course | Learning Lab,https://learninglab.sana.ai/create/s/zk4NELCDLoVs/file:B1bRiudonGjH,learninglab.sana.ai,uncategorized,2025-10-30T15:44:10,"data:image/png;base64,iVBORw0KGgoAAAANSUhEUgAAABAAAAAQCAYAAAAf8/9hAAACAElEQVR4nHRTvU5UURD+Zs5Z1MK4BZViYW1Doa1P4fZaSGNsqXBj0MRES2NjY0GFWvoCaGuBb2DEGBOVhBCWhT1nhpk5l0tC2Dm5uefO3/fNz80weYXr4wx+LMAiyI6a0t+92FVVQ6NQBv4VyNtV/F6n17jx9DLS+hEEYQZR8+9DPca0FNbOQpfAmKKOLcHSLhOuaSBwcgfqMp2lwBkDB1CplpBEsZdNN2xo7AZteKGoFqGtloBnUq/OvYm1IQyzK5iYxJGV2OqTaqYBKCWjyRZybNlmBGnpwBYjEWOAuePnWOSGjMweeIS6PQO+eQrDvbOgWJbWD+kYRWT2D4kWiSQkmiD/LahPvuPnp49WhjuNgHQXN+8nkjdJabFEJ42CF+5JqWV1HtMD1NEafmzeNv0zYOGDPX5fxc7mgdaREE0pWqtByEtw6tVGmfdRN57j19YKMLBgqyDKD3HdGH+2XurSxlXwyiFqMdCUu4lxMVYZ8tkTvgPKC9y6dwW87FWY8/Yadr66zX0K6JHHnDLwMfHMFolR/qPrTkZ5MMTgoQ0Fh1zf2+tLDNt8ZtEzb4E1vS2dLw9R9Z72UicTownTmn3Sa82H2376wmluo6VT4F40RpUS2eZzW85zEksVdbSvcyLsFNtDcb8gQzfGC4WkW5s4Ms9tfgL4Urf/wM58txMAAAD//z2Wdh0AAAAGSURBVAMAZlHnUL8Fs+kAAAAASUVORK5CYII="
New course | Learning Lab,https://learninglab.sana.ai/create/s/b2otqVt6GZwL/file:g2uRnQ1V4uYr,learninglab.sana.ai,uncategorized,2025-11-03T00:25:12,"data:image/png;base64,iVBORw0KGgoAAAANSUhEUgAAABAAAAAQCAYAAAAf8/9hAAACAElEQVR4nHRTvU5UURD+Zs5Z1MK4BZViYW1Doa1P4fZaSGNsqXBj0MRES2NjY0GFWvoCaGuBb2DEGBOVhBCWhT1nhpk5l0tC2Dm5uefO3/fNz80weYXr4wx+LMAiyI6a0t+92FVVQ6NQBv4VyNtV/F6n17jx9DLS+hEEYQZR8+9DPca0FNbOQpfAmKKOLcHSLhOuaSBwcgfqMp2lwBkDB1CplpBEsZdNN2xo7AZteKGoFqGtloBnUq/OvYm1IQyzK5iYxJGV2OqTaqYBKCWjyRZybNlmBGnpwBYjEWOAuePnWOSGjMweeIS6PQO+eQrDvbOgWJbWD+kYRWT2D4kWiSQkmiD/LahPvuPnp49WhjuNgHQXN+8nkjdJabFEJ42CF+5JqWV1HtMD1NEafmzeNv0zYOGDPX5fxc7mgdaREE0pWqtByEtw6tVGmfdRN57j19YKMLBgqyDKD3HdGH+2XurSxlXwyiFqMdCUu4lxMVYZ8tkTvgPKC9y6dwW87FWY8/Yadr66zX0K6JHHnDLwMfHMFolR/qPrTkZ5MMTgoQ0Fh1zf2+tLDNt8ZtEzb4E1vS2dLw9R9Z72UicTownTmn3Sa82H2376wmluo6VT4F40RpUS2eZzW85zEksVdbSvcyLsFNtDcb8gQzfGC4WkW5s4Ms9tfgL4Urf/wM58txMAAAD//z2Wdh0AAAAGSURBVAMAZlHnUL8Fs+kAAAAASUVORK5CYII="
New course | Learning Lab,https://learninglab.sana.ai/create/s/b2otqVt6GZwL/file:ZB7xNtowbrRk,learninglab.sana.ai,uncategorized,2025-11-03T00:25:18,"data:image/png;base64,iVBORw0KGgoAAAANSUhEUgAAABAAAAAQCAYAAAAf8/9hAAACAElEQVR4nHRTvU5UURD+Zs5Z1MK4BZViYW1Doa1P4fZaSGNsqXBj0MRES2NjY0GFWvoCaGuBb2DEGBOVhBCWhT1nhpk5l0tC2Dm5uefO3/fNz80weYXr4wx+LMAiyI6a0t+92FVVQ6NQBv4VyNtV/F6n17jx9DLS+hEEYQZR8+9DPca0FNbOQpfAmKKOLcHSLhOuaSBwcgfqMp2lwBkDB1CplpBEsZdNN2xo7AZteKGoFqGtloBnUq/OvYm1IQyzK5iYxJGV2OqTaqYBKCWjyRZybNlmBGnpwBYjEWOAuePnWOSGjMweeIS6PQO+eQrDvbOgWJbWD+kYRWT2D4kWiSQkmiD/LahPvuPnp49WhjuNgHQXN+8nkjdJabFEJ42CF+5JqWV1HtMD1NEafmzeNv0zYOGDPX5fxc7mgdaREE0pWqtByEtw6tVGmfdRN57j19YKMLBgqyDKD3HdGH+2XurSxlXwyiFqMdCUu4lxMVYZ8tkTvgPKC9y6dwW87FWY8/Yadr66zX0K6JHHnDLwMfHMFolR/qPrTkZ5MMTgoQ0Fh1zf2+tLDNt8ZtEzb4E1vS2dLw9R9Z72UicTownTmn3Sa82H2376wmluo6VT4F40RpUS2eZzW85zEksVdbSvcyLsFNtDcb8gQzfGC4WkW5s4Ms9tfgL4Urf/wM58txMAAAD//z2Wdh0AAAAGSURBVAMAZlHnUL8Fs+kAAAAASUVORK5CYII="
Håndbokportal,https://handbooks.simployer.com/?sasId=225f6505-b01d-4a25-b212-e4d91f073400,handbooks.simployer.com,uncategorized,2025-11-10T12:40:28,"data:image/png;base64,iVBORw0KGgoAAAANSUhEUgAAABAAAAAQCAYAAAAf8/9hAAADDElEQVR4nExTW4hNURj+1mWvs8+ZG0MMyT3NPAy5Z9weJhKhE3kgTKSUUuRBiUnuD9K8UBIlDwohcr97cBnX1JiLwlyYuzHTzDn7ctbyrz2j5q+199p7/d9/+b5/SVgr3TNVKX4MRs+jryEYMEZmjLFbQ1sY2D3roscrPwj34tGpLwxLds1ypLzLhTPchP5/Z4ZBprVGkNHgFM+eSeVCh35roPVyrrg4ZMH0IxgENgMLtgL6Yc7sXGuulZexbNcxmSDtc6lGKM4OSjotMTrU5CRpMZslozWjhSgWhclJxNj2lSVRNaOG5bHq+hYqOtB0VEIBWC4jZ2NdOTOplMecmIPchAs/zKA35aG7N41k+XnkZrmoa2ozypHQGc0p3lBpWTI2M6VOk3PpzEIc2bIccwrH4ndnD/aeu41L99/ixuN3ICIQowow0J/FStPPNnw/NOMKhrGr5WWIUYYL995gNgWZUJAP05fGvDlF1IqLRx9q4UhhCMwsVlrSKDl0ELLiSaMxJDuOay8+Y+uB86A+EHcV8kYOxZ2j2+gsgcItx1FT38Jc5URK80gmaoJT1qofzeihbGsWTcPNip2YPnkMUtS/H2pU1jTgfV0DOv72QgjeL5GNoJbt0VEXRKCfDtiqBcUo37g0Avd5AdYfuYibzz8hnpOwc4A0qS2FsMxFcrMYBTADQxdmSL4/PUBeFpLzi3Fl/2bUNLZixvaT8IhgcoN0HQjOI+ItiTyaHAsmDsaPzDcbkgsRkwJff7bAC0NkEQfkin2bluH07nWIK2loMiOwxVoZ24WU+V53n1kxt4hX7Eji7K51SFgg2YnLT+iKaBwmaa1VXH/BahrbtEuzQhPXaWV8qZlIikTMv/W6ysmOK1Y0tsA0UyuPP9aye5XVENTralIlJ6HYt6Z2o6TIGCYpgv+MoXT3FOWIp8xRo71UCkh5BpIz0BSS4HDjsYhxr484MNqoRJxF2DD45ZtwscD3Vx2ZiSUPBPR4R/DhKq5c6TigN6SyHUYXyigq2Y44bbvo8dQPwzI8PFX9DwAA//8CIBOKAAAABklEQVQDAF9LZT/3L6RkAAAAAElFTkSuQmCC"
New course | Learning Lab,https://learninglab.sana.ai/create/s/zwYY8R6S7Jp3/file:53yVqRFRrhYQ,learninglab.sana.ai,uncategorized,2025-11-10T12:47:13,"data:image/png;base64,iVBORw0KGgoAAAANSUhEUgAAABAAAAAQCAYAAAAf8/9hAAACAElEQVR4nHRTvU5UURD+Zs5Z1MK4BZViYW1Doa1P4fZaSGNsqXBj0MRES2NjY0GFWvoCaGuBb2DEGBOVhBCWhT1nhpk5l0tC2Dm5uefO3/fNz80weYXr4wx+LMAiyI6a0t+92FVVQ6NQBv4VyNtV/F6n17jx9DLS+hEEYQZR8+9DPca0FNbOQpfAmKKOLcHSLhOuaSBwcgfqMp2lwBkDB1CplpBEsZdNN2xo7AZteKGoFqGtloBnUq/OvYm1IQyzK5iYxJGV2OqTaqYBKCWjyRZybNlmBGnpwBYjEWOAuePnWOSGjMweeIS6PQO+eQrDvbOgWJbWD+kYRWT2D4kWiSQkmiD/LahPvuPnp49WhjuNgHQXN+8nkjdJabFEJ42CF+5JqWV1HtMD1NEafmzeNv0zYOGDPX5fxc7mgdaREE0pWqtByEtw6tVGmfdRN57j19YKMLBgqyDKD3HdGH+2XurSxlXwyiFqMdCUu4lxMVYZ8tkTvgPKC9y6dwW87FWY8/Yadr66zX0K6JHHnDLwMfHMFolR/qPrTkZ5MMTgoQ0Fh1zf2+tLDNt8ZtEzb4E1vS2dLw9R9Z72UicTownTmn3Sa82H2376wmluo6VT4F40RpUS2eZzW85zEksVdbSvcyLsFNtDcb8gQzfGC4WkW5s4Ms9tfgL4Urf/wM58txMAAAD//z2Wdh0AAAAGSURBVAMAZlHnUL8Fs+kAAAAASUVORK5CYII="
2025-11-19 Vibe Coding Pitfalls - Eivind - Google Slides,https://docs.google.com/presentation/d/1sArl3S3uzCkDxh0NhE0WBOxcbCjjSbi3UtEO9rfJ7F8/edit?slide=id.g3a64fdb5c3a_0_41#slide=id.g3a64fdb5c3a_0_41,docs.google.com,work-productivity,2025-11-19T12:50:22,"data:image/png;base64,iVBORw0KGgoAAAANSUhEUgAAABAAAAAQCAYAAAAf8/9hAAAAb0lEQVR4nOzRsQ2AIBBA0X9KZ+MI7uMQzuAGuoHDaBxHRqDQ2GgQCk0sgcbCl5BAwYfk1D7THCeDQEkYned0so4s7lARx6iEy16pSPQEitoSYpvkHUj+wR/4QuCea3QgVuaWIZ7OEFq/IZD1Dwv9BQAA//9nkBR+AAAABklEQVQDACBhFEwOgb+pAAAAAElFTkSuQmCC"
Bob the Builder Module 7 - Building safely with AI  | Learning Lab,https://learninglab.sana.ai/create/s/EwfbW6R4aSpX/file:fUCjTMxnqqn5,learninglab.sana.ai,uncategorized,2025-12-08T12:53:55,"data:image/png;base64,iVBORw0KGgoAAAANSUhEUgAAABAAAAAQCAYAAAAf8/9hAAACAElEQVR4nHRTvU5UURD+Zs5Z1MK4BZViYW1Doa1P4fZaSGNsqXBj0MRES2NjY0GFWvoCaGuBb2DEGBOVhBCWhT1nhpk5l0tC2Dm5uefO3/fNz80weYXr4wx+LMAiyI6a0t+92FVVQ6NQBv4VyNtV/F6n17jx9DLS+hEEYQZR8+9DPca0FNbOQpfAmKKOLcHSLhOuaSBwcgfqMp2lwBkDB1CplpBEsZdNN2xo7AZteKGoFqGtloBnUq/OvYm1IQyzK5iYxJGV2OqTaqYBKCWjyRZybNlmBGnpwBYjEWOAuePnWOSGjMweeIS6PQO+eQrDvbOgWJbWD+kYRWT2D4kWiSQkmiD/LahPvuPnp49WhjuNgHQXN+8nkjdJabFEJ42CF+5JqWV1HtMD1NEafmzeNv0zYOGDPX5fxc7mgdaREE0pWqtByEtw6tVGmfdRN57j19YKMLBgqyDKD3HdGH+2XurSxlXwyiFqMdCUu4lxMVYZ8tkTvgPKC9y6dwW87FWY8/Yadr66zX0K6JHHnDLwMfHMFolR/qPrTkZ5MMTgoQ0Fh1zf2+tLDNt8ZtEzb4E1vS2dLw9R9Z72UicTownTmn3Sa82H2376wmluo6VT4F40RpUS2eZzW85zEksVdbSvcyLsFNtDcb8gQzfGC4WkW5s4Ms9tfgL4Urf/wM58txMAAAD//z2Wdh0AAAAGSURBVAMAZlHnUL8Fs+kAAAAASUVORK5CYII="
